name1,name2,score
CANADIAN HELICOPTER,CANADIAN HELICOPTERS EASTERN DIVISION,0.999980
HOFFMANN ROCHE,ROCHE DIAGNOSTICE,0.997614
WEATHERHAVEN,WEATHERHAVEN CANADA RESOURCES,0.999984
TELFER SCHOOL MANAGEMENT UNIVERSITY OTTAWA,UNIVERSITY OTTAWA,0.999975
HEWLETT PACKARD CANADA,UNIVERSITY OTTAWA,0.533477
IMPERIAL OIL,IMPERIAL OIL ESSO,0.999982
IMPERIAL OIL ESSO,INPERIAL OIL,0.999972
IMPERIAL OIL ESSO,IMPERIAL OIL PRODUCTS AD CHEMICALS DIVISION,0.999983
IMPERIAL OIL ESSO,WORLS FUELS,0.986251
IMPERIAL OIL ESSO,WORL FUEL SERVICES TRADING,0.999714
IMPERIAL OIL ESSO,WORLD FUEL SERVICE,0.894005
IMPERIAL OIL ESSO,WORLD FUEL SERVICES,0.909461
IMPERIAL OIL ESSO,TECHSOL MARINE,0.992647
IMPERIAL OIL ESSO,WORLDD FUEL SERVICES CANADA,0.927217
IMPERIAL OIL ESSO,WORLD FUEL SERVICES CANADA,0.921373
BARON SUPPLIES,SHELL CANADA PRODUCTS,0.581979
ATS SCIENTIFIC,ATS SCIENTIFIC,0.999977
ADVANCED BUSINESS INTERIORS,ADVANCED BUSINESS INTERIORS,0.999971
ABIADVANCED BUSINESS INTERIORS,ADVANCED BUSINESS INTERIORS,0.999962
ABI ADVANCED BUSINESS INTERIORS,ADVANCED BUSINESS INTERIORS,0.999975
ADVANCED BUSINESS INTERIORS,PROMAXIX SYSTEMS,0.812831
ADVANCED BUSINESS INTERIORS,CORPORATE EXPRESS CANADA,0.545132
ADVANCED BUSINESS INTERIORS,ADVANCED CHIPPEWAS,0.610466
PARKLAND COLUMBIA FUELS,PARKLAND OA COLUMBIA FUELS,0.999970
COLUMBIA FUELS OA PARKLAND FUELS,PARKLAND COLUMBIA FUELS,0.999978
PARKLAND COLUMBIA FUELS,UNIVERSITY BRITISH COLUMBIA,0.941481
PARKLAND COLUMBIA FUELS,UNIVERSITY BRITISH COLUMBIA OKANAGAN,0.997372
WESCO DISTRIBUTION,WESCO DISTRIBUTION CANADA,0.999988
WESCO DISTRIBUTION CANADA,WESCO DISTRIBUTION CANADA,0.999987
PCL CONSTRUCTION MANAGEMENT,PCL CONSTRUCTORS WESTCOAST,0.999964
ALTIS HUMAN RESOURCES OTTAWA EXCELHUMAN RESOURCES IN JOINT VENTURE,JOINT VENTURE ALTIS EXCEL HUMAN RESOURCES,0.999989
ALTIS PROFESSIONAL RECRUITMENT EXCEL HUMAN RESOURCES,JOINT VENTURE ALTIS EXCEL HUMAN RESOURCES,0.999990
ALTIS HUMAN RESOURCES,JOINT VENTURE ALTIS EXCEL HUMAN RESOURCES,0.999989
EXCEL HUMAN RESOURCE,JOINT VENTURE ALTIS EXCEL HUMAN RESOURCES,0.999989
ALTIS PROFESSIONAL RECRUITMENT,JOINT VENTURE ALTIS EXCEL HUMAN RESOURCES,0.999990
ALTIS RECRUITMENT,JOINT VENTURE ALTIS EXCEL HUMAN RESOURCES,0.999989
ALTIS HUMAN RESOURCES NORTH YORK,JOINT VENTURE ALTIS EXCEL HUMAN RESOURCES,0.999989
ALTIS HUMAN RESOURCES VANCOUVER I,JOINT VENTURE ALTIS EXCEL HUMAN RESOURCES,0.999989
ALTIS HUMAN RESOURCES OTTAWA,JOINT VENTURE ALTIS EXCEL HUMAN RESOURCES,0.999989
ALTIS PROFESSIONAL SERVICES,JOINT VENTURE ALTIS EXCEL HUMAN RESOURCES,0.999989
ALTIS HUMAN RESSOUCES,JOINT VENTURE ALTIS EXCEL HUMAN RESOURCES,0.999989
ALTIS RECRUITMENT TECHNOLOGY IN,JOINT VENTURE ALTIS EXCEL HUMAN RESOURCES,0.999990
ALTIS VANCOUVER,JOINT VENTURE ALTIS EXCEL HUMAN RESOURCES,0.999989
EXCEL HUMAN RESOURCES OPERATING AS EXCELITR,JOINT VENTURE ALTIS EXCEL HUMAN RESOURCES,0.999989
EXCEL,JOINT VENTURE ALTIS EXCEL HUMAN RESOURCES,0.999987
JOINT VENTURE ALTIS EXCEL HUMAN RESOURCES,TELUS COLLABORATION SERVICES,0.558637
HOSKIN SCIENTIFIC,HOSKIN SCIENTIFIC,0.999988
HONEYWELL,HONEYWELL BUILDING SOLUTIONS,0.999988
HONEYWELL BUILDING SOLUTIONS,HONEYWELL HONEYWELL,0.999988
EMS TECHNOLOGIES CANADA HONEYWELL,HONEYWELL BUILDING SOLUTIONS,0.999986
MCELHANNEY,MCELHANNEY ASSOCIATES LAND,0.999988
MCELHANNEY ASSOCIATES LAND,MCELHANNEY CONSULTING SERVICES,0.999987
MCELHANNEY ASSOCIATES LAND,MCELHINNEY HOLDINGS,0.999960
MCELHANNEY ASSOCIATES LAND,MCELHANNEY EDMONTON,0.999987
MCELHANNEY ASSOCIATES LAND,MCELHANNEY CONSULTING SERVICES APRIL 20 2016,0.999987
ORACLE,ORACLE CANADA,0.999983
ORACLE,ORACLE CORPORATIONS CANADA,0.999977
GRAND TOY,GRAND TOY,0.999987
FELIX TECHNOLOGY,FELIX TECHNOLOGY,0.999985
SOFTCHOICE,SOFTCHOICE,0.999979
FISHER SCIENTIFIC,FISHER SCIENTIFIC COMPANY,0.999985
FISHER SCIENTIFIC COMPANY,THERMO FISHER SCIENTIFIC,0.999982
FISHER SCIENTIFIC COMPANY,THERMO FISHER SCIENTIFIC MISSISSAUG,0.999983
FISHER SCIENTIFIC COMPANY,HEWLETT PACKARD CANADA,0.900850
TELUS COLLABORATION SERVICES,TELUS HEALTH,0.999986
TELUS COLLABORATION SERVICES,TELUS COMMUNICATIONS,0.999985
TELUS COLLABORATION SERVICES,TELUS COMMUNICATIONS COMPANY,0.999984
GROUPE SANTE MEDISYS,TELUS COLLABORATION SERVICES,0.788191
ALTIS PROFESSIONAL SERVICES,TELUS COLLABORATION SERVICES,0.975621
ALTIS HUMAN RESOURCES,ALTIS HUMAN RESOURCES NORTH YORK,0.999989
ALTIS HUMAN RESOURCES NORTH YORK,ALTIS HUMAN RESOURCES OTTAWA,0.999989
ALTIS HUMAN RESOURCES NORTH YORK,ALTIS HUMAN RESOURCES VANCOUVER I,0.999989
ALTIS HUMAN RESOURCES NORTH YORK,ALTIS PROFESSIONAL RECRUITMENT EXCEL HUMAN RESOURCES,0.999989
ALTIS HUMAN RESOURCES NORTH YORK,ALTIS PROFESSIONAL RECRUITMENT,0.999988
ALTIS HUMAN RESOURCES NORTH YORK,ALTIS PROFESSIONAL SERVICES,0.999989
ALTIS HUMAN RESOURCES NORTH YORK,ALTIS RECRUITMENT,0.999989
ALTIS HUMAN RESOURCES NORTH YORK,ALTIS HUMAN RESSOUCES,0.999990
ALTIS HUMAN RESOURCES NORTH YORK,ALTIS VANCOUVER,0.999988
ALTIS HUMAN RESOURCES NORTH YORK,ALTIS RECRUITMENT TECHNOLOGY IN,0.999989
ALTIS HUMAN RESOURCES NORTH YORK,ALTIS HUMAN RESOURCES OTTAWA EXCELHUMAN RESOURCES IN JOINT VENTURE,0.999990
ALTIS HUMAN RESOURCES NORTH YORK,EXCEL HUMAN RESOURCE,0.999990
ALTIS HUMAN RESOURCES NORTH YORK,EXCEL HUMAN RESOURCES OPERATING AS EXCELITR,0.999989
JHT DEFENCE,JHT DEFENSE,0.999986
JHT DEFENCE,JHT DEFENSE INCEC,0.999985
CANON CANADA,HEWLETT PACKARD CANADA,0.914920
COLLIERS PROJECT LEADERS,COLLIERS PROJECT LEADERS,0.999987
WSP CANADA,WSP CANADA,0.999987
WSP CANADA,WSP EI CANADA,0.999985
WSP CANADA,WSP CANADA GROUP,0.999986
LUMINA IT,LUMINAIT,0.999897
LUMINA IT,LUMINA IT,0.999961
LUMINA IT,LUMINA IT CBZ JOINT VENTURE,0.999961
WARTSILA CANADA,WARTSILA CANADA,0.999986
WARTSILA CANADA,WARTSILA NORTH AMERICA,0.999983
CAMPBELL SCIENTIFIC CANADA,CAMPBELL SCIENTIFIC CANADA,0.999983
STANTEC CONSULTING OTTAWA,STANTEC CONSULTING WINNIPEG,0.999986
STANTEC CONSULTING DARTMOUTH,STANTEC CONSULTING WINNIPEG,0.999986
STANTEC CONSULTING,STANTEC CONSULTING WINNIPEG,0.999986
STANTEC CONSULTING SCL,STANTEC CONSULTING WINNIPEG,0.999986
STANTEC CONSULTING WINNIPEG,STANTEC EXPERT CONSEILS,0.999987
STANTEC CONSULTING WINNIPEG,STANTEC EXPERTSCONSEILS,0.999986
STANTEC ARCHITECTURE,STANTEC CONSULTING WINNIPEG,0.999987
BELL CANADA,BELL CDA,0.999972
BELL CANADA TELEPHONE,BELL CDA,0.999971
BELL CDA,BELL TELEPHONE COMPANY CANADA OR BELL CANADA COMPAGNIE TE,0.999966
UNISOURCE TECHNOLOGY,UNISOURCE TECHNOLOGY,0.999988
UNISOURCE TECHNOLOGY,UNISOURCE TECHNOLOGY UTI,0.999988
UNISOURCE TECH,UNISOURCE TECHNOLOGY,0.999988
BLUMETRIC ENVIRONMENTAL,BLUMETRIC ENVIRONMENTAL,0.999987
BLUMETRIC ENVIRONMENTAL,LOGISTIC UNICORP,0.689772
MAC EWEN PETROLEUM,MACEWEN PETROLEUM,0.999641
MAC EWEN PETROLEUM,MACEWEN,0.955498
ERNST YOUNG EY,ERNST YOUNG GLOBAL,0.999967
ERNST YOUNG EY,ERNST YOUNG MONTREAL,0.999965
ERNST YOUNG EY,ERNST YOUNG TTTTTTTT,0.999943
ERNST YOUNG BILL KESSELS,ERNST YOUNG EY,0.999786
ALTIS HUMAN RESOURCES,ALTIS HUMAN RESOURCES,0.999989
ALTIS HUMAN RESOURCES,ALTIS HUMAN RESOURCES OTTAWA,0.999989
ALTIS HUMAN RESOURCES,ALTIS HUMAN RESOURCES VANCOUVER I,0.999989
ALTIS HUMAN RESOURCES,ALTIS PROFESSIONAL RECRUITMENT EXCEL HUMAN RESOURCES,0.999989
ALTIS HUMAN RESOURCES,ALTIS PROFESSIONAL SERVICES,0.999989
ALTIS HUMAN RESOURCES,ALTIS PROFESSIONAL RECRUITMENT,0.999989
ALTIS HUMAN RESOURCES,ALTIS HUMAN RESSOUCES,0.999989
ALTIS HUMAN RESOURCES,ALTIS RECRUITMENT,0.999989
ALTIS HUMAN RESOURCES,ALTIS VANCOUVER,0.999989
ALTIS HUMAN RESOURCES,ALTIS RECRUITMENT TECHNOLOGY IN,0.999989
ALTIS HUMAN RESOURCES,EXCEL HUMAN RESOURCE,0.999990
ALTIS HUMAN RESOURCES,ALTIS HUMAN RESOURCES OTTAWA EXCELHUMAN RESOURCES IN JOINT VENTURE,0.999989
ALTIS HUMAN RESOURCES,EXCEL HUMAN RESOURCES OPERATING AS EXCELITR,0.999990
ALTIS HUMAN RESOURCES,TELUS COMMUNICATIONS,0.801533
ALTIS HUMAN RESOURCES,TELUS HEALTH,0.975793
VERITAAQ TECHNOLOGY HOUSE,VERITAAQ TECHNOLOGY HOUSE,0.999984
EXPERIS VERITAAQ,VERITAAQ TECHNOLOGY HOUSE,0.999937
SERCO CANADA MARINE,SERCO CANADA MARINE,0.999972
SOLOTECH,SOLOTECH QUABEC,0.999986
CBCI SOLOTECH,SOLOTECH QUABEC,0.999985
SOLOTECH QUABEC,SOLOTECH QUEBEC,0.999986
CBCI TELECOM A SOLOTECH COMPANY,SOLOTECH QUABEC,0.999983
STANTEC CONSULTING,STANTEC CONSULTING DARTMOUTH,0.999986
STANTEC CONSULTING DARTMOUTH,STANTEC CONSULTING SCL,0.999986
STANTEC CONSULTING DARTMOUTH,STANTEC CONSULTING OTTAWA,0.999986
STANTEC CONSULTING DARTMOUTH,STANTEC EXPERT CONSEILS,0.999985
STANTEC CONSULTING DARTMOUTH,STANTEC EXPERTSCONSEILS,0.999985
STANTEC ARCHITECTURE,STANTEC CONSULTING DARTMOUTH,0.999986
BLUEWAVE,BLUEWAVE ENERGY,0.999985
EMERION,EMERION,0.999980
EMERION,EMERIONCOFOMO IN JOINT VENTURE,0.999982
L3 COMMUNICATIONS ELECTRONIC SYSTEM SERVICES,L3 COMMUNICATIONS EOIR,0.999979
L3 AVIATION PRODUCTS,L3 COMMUNICATIONS EOIR,0.999976
L3 COMMUNICATIONS,L3 COMMUNICATIONS EOIR,0.999980
L3 COMMUNICATIONS ELECTRONIC SYSTEMS,L3 COMMUNICATIONS EOIR,0.999980
RF BINNIE,RF BINNIE ASSOCIATES,0.999979
VALCOM CONSULTING GROUP,VALCOM CONSULTING GROUP,0.999964
VALCOM CONSULTING,VALCOM CONSULTING GROUP,0.999919
SAMSON ASSOCIATES,SAMSON ASSOCIATES CPA CONSULTING SERVICES,0.999979
SAMSON ASSOCIATES,SAMSON ASSOCIES,0.999979
SAMSON ASSOCIATES,SAMSON ASSOCIATES CPA CONSULTATION,0.999979
SAMSON ASSOCIATES,SAMSON ASSOCIES CPACONSULTATION,0.999978
ROGERS ATT,SAMSON ASSOCIATES,0.999412
HONEYWELL,HONEYWELL HONEYWELL,0.999988
EMS TECHNOLOGIES CANADA HONEYWELL,HONEYWELL,0.999987
HONEYWELL,HONEYWELL,0.999988
MCELHANNEY,MCELHANNEY CONSULTING SERVICES,0.999988
MCELHANNEY CONSULTING SERVICES,MCELHANNEY CONSULTING SERVICES,0.999988
MCELHANNEY CONSULTING SERVICES,MCELHINNEY HOLDINGS,0.999941
MCELHANNEY CONSULTING SERVICES,MCELHANNEY EDMONTON,0.999988
MCELHANNEY CONSULTING SERVICES,MCELHANNEY CONSULTING SERVICES APRIL 20 2016,0.999988
GROUPE SANTE MEDISYS,TELUS HEALTH,0.991205
UNITED RENTAL CANADA,UNITED RENTALS CANADA,0.999979
UNITED RENTALS CANADA,UNITED RENTALS CANADA,0.999985
HEWLETT PACKARD CANADA,UNITED RENTALS CANADA,0.775592
ENMAX,ENMAX ENERGY,0.999985
DELL CANADA,DELLCANADA,0.999937
DELL CANADA,DELL COMPUTER,0.999950
DELL CANADA,DELL CANADA,0.999962
WORL FUEL SERVICES TRADING,WORLS FUELS,0.999956
WORLD FUEL SERVICES,WORLS FUELS,0.997845
WORLD FUEL SERVICE,WORLS FUELS,0.997862
WORLDD FUEL SERVICES CANADA,WORLS FUELS,0.997281
AFS AVIATION FUEL SERVICES,WORLS FUELS,0.636924
WORLD FUEL SERVICES CANADA,WORLS FUELS,0.996099
WORLD FUEL FLIGHT SERVICES,WORLS FUELS,0.995928
INPERIAL OIL,WORLS FUELS,0.909807
IMPERIAL OIL,WORLS FUELS,0.961066
TECHSOL MARINE,WORLS FUELS,0.699505
LUMINA IT,WORLS FUELS,0.824954
CORCAN,WORLS FUELS,0.969389
PAL AEROSPACE,WORLS FUELS,0.946302
LUMINAIT,WORLS FUELS,0.608316
KENT,WORLS FUELS,0.899561
EFR ENVIRONMENTAL,WORLS FUELS,0.835269
1025178RANDSTAD INTERIM,WORLS FUELS,0.815342
GLOBAL UPHOLSTERY RD,WORLS FUELS,0.664982
GLOBAL UPHOLSTERY,WORLS FUELS,0.827654
SMITH CARTER ARCHITECTS OTTAWA,SMITH CARTER JV BRADLEY SHUYA ARCHITECTS,0.999952
SMITH CARTER ARCHITECTS WINNIPEG,SMITH CARTER JV BRADLEY SHUYA ARCHITECTS,0.999945
COMMISSIONAIRES,COMMISSIONAIRES SECURITY SOLUTIONS,0.999984
COMMISSIONAIRES SECURITY SOLUTIONS,CORPS COMMISSIONAIRES,0.999984
CANADIAN COMMISSIONAIRES,COMMISSIONAIRES SECURITY SOLUTIONS,0.999985
COMMISSIONAIRES KINGSTON,COMMISSIONAIRES SECURITY SOLUTIONS,0.999985
CANCORPS COMMISSIONAIRES,COMMISSIONAIRES SECURITY SOLUTIONS,0.999986
COMMISIONAIRES SASKATCHEWAN,COMMISSIONAIRES SECURITY SOLUTIONS,0.999956
CANADIAN CORPS COMMISSIONIARES,COMMISSIONAIRES SECURITY SOLUTIONS,0.999980
COMMISSIONAIRE NOVA SCOTIA,COMMISSIONAIRES SECURITY SOLUTIONS,0.999985
CANADIAN CORPS COMISSIONAIRES,COMMISSIONAIRES SECURITY SOLUTIONS,0.999973
COMMISSIONAIRES OTTAWA COLONADE,COMMISSIONAIRES SECURITY SOLUTIONS,0.999985
COMMISSIONAIRES SECURITY SOLUTIONS,COMMISSISONAIRES OTTAWA,0.999931
COMMISSIONAIRES SECURITY SOLUTIONS,MONERIS SOLUTIONS,0.999040
COMMISSIONAIRES SECURITY SOLUTIONS,WORL FUEL SERVICES TRADING,0.867549
COMMISSIONAIRES SECURITY SOLUTIONS,PALADIN SECURITY GROUP,0.623624
BOEING COMPANY,BOEING DISTRIBUTION CANADA,0.999962
SIMEX DEFENCE,SIMEX DEFENSE,0.999985
SIMEX DEFENCE,SIMEX DEFENCE IN,0.999982
SIMEX DEFENCE,SIMEX DEFENCE,0.999984
SIMEX DEFENCE,SIMEX EQUIPMENT,0.999984
CARLETON UNIVERSITY,CARLETON UNIVERSITY SCHOOL BUSINESS,0.999969
SAMSON ASSOCIES,SAMSON ASSOCIES CPACONSULTATION,0.999983
SAMSON ASSOCIATES CPA CONSULTING SERVICES,SAMSON ASSOCIES CPACONSULTATION,0.999976
SAMSON ASSOCIATES CPA CONSULTATION,SAMSON ASSOCIES CPACONSULTATION,0.999978
L3 COMMUNICATIONS ELECTRONIC SYSTEM SERVICES,L3 COMMUNICATIONS ELECTRONIC SYSTEMS,0.999984
L3 COMMUNICATIONS,L3 COMMUNICATIONS ELECTRONIC SYSTEM SERVICES,0.999983
L3 AVIATION PRODUCTS,L3 COMMUNICATIONS ELECTRONIC SYSTEM SERVICES,0.999971
L3 COMMUNICATIONS ELECTRONIC SYSTEM SERVICES,L3 MAPPS,0.999977
KONICA MINOLTA BUSINESS SOLUTIONS CANADA,MINOLTA BUSINESS EQUIPMENT CANADA,0.999988
KONICA MINOLTA BUSINESS,MINOLTA BUSINESS EQUIPMENT CANADA,0.999989
DU FORT STJEAN,FORT STJEAN,0.997838
COSSETTE COMMUNICATION,COSSETTE COMMUNICATION,0.999972
TENAQUIP,TENAQUIP,0.999987
AIRPORT FORD LINCOLN,RIVERVIEW FORD LINCOLN,0.999984
RIVERVIEW FORD LINCOLN,VICTORY FORD LINCOLN SALES,0.999980
FORD MOTOR CANADA,RIVERVIEW FORD LINCOLN,0.999938
FORD MOTOR COMPANY CANADA,RIVERVIEW FORD LINCOLN,0.999956
RIVERVIEW FORD LINCOLN,STEVE MARSHALL FORD LINCOLN,0.999949
SENES CONSULTANTS,SENES CONSULTANTS,0.999945
ADRM TECHNOLOGY CONSULTING,ADRM TECHNOLOGY CONSULTING GROUP,0.999986
ADRM TECHNOLOGY CONSULTING,ADRM TECHNOLOGY CONSULTING GROUP ANTIAN PROFESSIONAL SERVICES,0.999985
ADRM TECH,ADRM TECHNOLOGY CONSULTING,0.999986
SHELL CANADA PRODUCTS,SHELLCANADA PRODUCTS,0.999982
SHELL,SHELL CANADA PRODUCTS,0.999975
SHELL BRASIL,SHELL CANADA PRODUCTS,0.999979
SHELL AVIAITON,SHELL CANADA PRODUCTS,0.999979
ABI ADVANCED BUSINESS INTERIORS,ABIADVANCED BUSINESS INTERIORS,0.999961
STANTEC EXPERT CONSEILS,STANTEC EXPERTSCONSEILS,0.999986
STANTEC CONSULTING,STANTEC EXPERTSCONSEILS,0.999986
STANTEC CONSULTING SCL,STANTEC EXPERTSCONSEILS,0.999986
STANTEC ARCHITECTURE,STANTEC EXPERTSCONSEILS,0.999986
STANTEC CONSULTING OTTAWA,STANTEC EXPERTSCONSEILS,0.999986
CARVERYS,CARVERYS CONSTRUCTION,0.999987
ARCADIS CANADA,ARCADIS CANADA,0.999979
ARCADIS CANADA,ARCADIS PROFESSIONAL SERVICES CANADA,0.999979
AGILENT TECHNOLOGIES,AGILENT TECHNOLOGIES CANADA,0.999984
AGILENT TECHNOLOGIES CANADA,AGILENT TECHNOLOGIES CANADA,0.999983
COMMISSIONAIRE NOVA SCOTIA,COMMISSIONAIRES MANITOBA,0.999985
CANADIAN CORPS COMMISSIONAIRES NORTHERN ALBERTA DIVISION,COMMISSIONAIRES MANITOBA,0.999984
COMMISIONAIRES SASKATCHEWAN,COMMISSIONAIRES MANITOBA,0.999977
COMMISSIONAIRES KINGSTON,COMMISSIONAIRES MANITOBA,0.999986
CANADIAN COMMISSIONAIRES,COMMISSIONAIRES MANITOBA,0.999985
CANADIAN CORPS COMMISSIONAIRES,COMMISSIONAIRES MANITOBA,0.999983
COMMISSIONAIRES MANITOBA,COMMISSIONAIRES OTTAWA COLONADE,0.999986
COMMISSIONAIRES,COMMISSIONAIRES MANITOBA,0.999985
CANADIAN CORPS COMMISSIONIARES,COMMISSIONAIRES MANITOBA,0.999982
CANADIAN CORPS COMMISSIONAIRES NEWFOUNDLAND,COMMISSIONAIRES MANITOBA,0.999985
CANADIAN CORPS COMISSIONAIRES,COMMISSIONAIRES MANITOBA,0.999974
COMMISSIONAIRES MANITOBA,COMMISSISONAIRES OTTAWA,0.999932
COMMISSIONAIRES MANITOBA,CORPS COMMISSIONAIRES,0.999984
CANCORPS COMMISSIONAIRES,COMMISSIONAIRES MANITOBA,0.999986
COMMISSIONAIRES MANITOBA,COMMISSIONAIRES SECURITY SOLUTIONS,0.999985
CANADIAN CORPS COMMISSIONAIRES NORTHERN ALBERTA DIVISION,CANADIAN CORPS COMMISSIONNAIRES NORTHERN ALBERTA NATIONAL MONITORING,0.999985
CANADIAN CORPS COMMISSIONIARES,CANADIAN CORPS COMMISSIONNAIRES NORTHERN ALBERTA NATIONAL MONITORING,0.999983
CANADIAN CORPS COMISSIONAIRES,CANADIAN CORPS COMMISSIONNAIRES NORTHERN ALBERTA NATIONAL MONITORING,0.999980
CANADIAN CORPS COMMISSIONNAIRES NORTHERN ALBERTA NATIONAL MONITORING,CANADIAN CORPSCOMMISSIONNAIRES,0.999982
CANADIAN COMMISSIONAIRES,CANADIAN CORPS COMMISSIONNAIRES NORTHERN ALBERTA NATIONAL MONITORING,0.999984
CANADIAN CORPS COMMISSIONAIRES,CANADIAN CORPS COMMISSIONNAIRES NORTHERN ALBERTA NATIONAL MONITORING,0.999983
CANADIAN CORPS COMMISSIONAIRES NEWFOUNDLAND,CANADIAN CORPS COMMISSIONNAIRES NORTHERN ALBERTA NATIONAL MONITORING,0.999984
CANADIAN CORPS COMMISSIONNAIRES NORTHERN ALBERTA NATIONAL MONITORING,COMMISSIONAIRE NOVA SCOTIA,0.999981
CANADIAN CORPS COMMISSIONNAIRES NORTHERN ALBERTA NATIONAL MONITORING,CORPS COMMISSIONAIRES,0.999983
CANADIAN CORPS COMMISSIONNAIRES NORTHERN ALBERTA NATIONAL MONITORING,COMMISIONAIRES SASKATCHEWAN,0.998903
CANADIAN CORPS COMMISSIONNAIRES NORTHERN ALBERTA NATIONAL MONITORING,COMMISSIONAIRES OTTAWA COLONADE,0.999982
CANADIAN CORPS COMMISSIONNAIRES NORTHERN ALBERTA NATIONAL MONITORING,UNIVERSITY ALBERTA CAMPUS SAINT JEAN,0.792327
CANADIAN CORPS COMMISSIONNAIRES NORTHERN ALBERTA NATIONAL MONITORING,COMMISSIONAIRES KINGSTON,0.999982
CANADIAN CORPS COMMISSIONNAIRES NORTHERN ALBERTA NATIONAL MONITORING,COMMISSIONAIRES MANITOBA,0.999982
CANADIAN CORPS COMMISSIONNAIRES NORTHERN ALBERTA NATIONAL MONITORING,COMMISSIONAIRES,0.999983
CANADIAN CORPS COMMISSIONNAIRES NORTHERN ALBERTA NATIONAL MONITORING,COMMISSISONAIRES OTTAWA,0.998202
CANADIAN CORPS COMMISSIONNAIRES NORTHERN ALBERTA NATIONAL MONITORING,WORLD FUEL SERVICES CANADA,0.604075
CANADIAN CORPS COMMISSIONNAIRES NORTHERN ALBERTA NATIONAL MONITORING,HEWLETT PACKARD CANADA,0.979227
DILLON CONSULTING,DILLON CONSULTING,0.999978
KINETIC CONSTRUCTION,KINETIC CONSTRUCTION,0.999983
DELOITTE,DELOITTE,0.999977
DELOITTE,DELOITTE TOUCHE,0.999950
DELOITTE,DELOITTE TOUCHE TOHMATSU CERTIFIED PUBLIC ACCOUNTANTS,0.999907
DELOITTE,DELOITTE TOHMATSU FINANCIAL ADVISOR,0.999928
MITSUBISHI CANADA,MITSUBISHI MOTOR SALES CANADA I,0.999969
FISHER SCIENTIFIC,THERMO FISHER SCIENTIFIC,0.999984
FISHER SCIENTIFIC,THERMO FISHER SCIENTIFIC MISSISSAUG,0.999985
FISHER SCIENTIFIC,HEWLETT PACKARD CANADA,0.983588
IMPERIAL OIL,IMPERIAL OIL PRODUCTS AD CHEMICALS DIVISION,0.999984
IMPERIAL OIL PRODUCTS AD CHEMICALS DIVISION,INPERIAL OIL,0.999960
IMPERIAL OIL PRODUCTS AD CHEMICALS DIVISION,WORLS FUELS,0.810384
IMPERIAL OIL PRODUCTS AD CHEMICALS DIVISION,WORL FUEL SERVICES TRADING,0.813362
HEWLETT PACKARD CANADA,IMPERIAL OIL PRODUCTS AD CHEMICALS DIVISION,0.703399
FLIGHT FUELS,FLIGHT FUELS PARTNERSHIP,0.999954
FLIGHT FUEL,FLIGHT FUELS PARTNERSHIP,0.999941
STANTEC CONSULTING,STANTEC CONSULTING,0.999986
STANTEC CONSULTING,STANTEC CONSULTING OTTAWA,0.999986
STANTEC CONSULTING,STANTEC CONSULTING SCL,0.999986
STANTEC CONSULTING,STANTEC EXPERT CONSEILS,0.999987
STANTEC ARCHITECTURE,STANTEC CONSULTING,0.999987
LAFARGE CANADA,LAFARGE CANADA,0.999944
GARDA CANADA SECURITY,GARDAWORLD,0.999985
GARDA CANADA SECURITY,GARDA CANADA SECURITY,0.999984
MERCK CANADA,MERCK CANADA,0.999975
UNITED STATES DEPARTMENT AIR FORCE,UNITED STATES DEPARTMENT AIR FORCEAFSEC,0.999985
BA BLACKTOP,BA BLACKTOP INFRASTRUCTURE,0.999641
DELL COMPUTER,DELLCANADA,0.999946
MCELHANNEY,MCELHANNEY,0.999988
MCELHANNEY,MCELHANNEY CONSULTING SERVICES APRIL 20 2016,0.999988
MCELHANNEY,MCELHANNEY EDMONTON,0.999987
MCELHANNEY,MCELHINNEY HOLDINGS,0.999969
COPCAN CIVIL,COPCAN CIVIL,0.999974
TELCOM COMPUTER,TELECOM COMPUTER,0.999966
TELCOM COMPUTER,TELECOM COMPUTERS,0.999965
TELCOM COMPUTER,TELECOM,0.997189
CBCI TELECOMCOM,TELCOM COMPUTER,0.837329
TELCOM COMPUTER,VALCOM CONSULTING,0.740224
KNAPPET INDUSTRIES 2006,KNAPPETT INDUSTRIES 2006,0.999973
CORADIX TECHNOLOGY CONSULTING,CORADIX TEHCHNOLOGY CONSULTING,0.999949
CORADIX TECHNOLOGY CONSULTING,DONA CONA,0.532252
CLICK NETWORK,CLICK NETWORKS,0.999985
AECOM,AECOM CANADA,0.999984
AECOM CANADA,AECOM CANADA,0.999986
AECOM CANADA,AECOM CANADA WINNIPEG,0.999986
AECOM CANADA,AECOM CONSULTANTS,0.999986
EMS TECHNOLOGIES CANADA HONEYWELL,HONEYWELL HONEYWELL,0.999986
STRATEGIC NATURAL RESOURCE CONSULTANTS,STRATEGIC NATURAL RESOURCE CONSULTANTS,0.999989
STRATEGIC NATURAL RESOURCE CONSULTANTS,STRATEGIC NATURAL RESOURCE CONSULTANTS KFC CFC,0.999989
STRATEGIC NATURAL RESOURCE CONSULTA,STRATEGIC NATURAL RESOURCE CONSULTANTS,0.999989
CARAHSOFT TECHNOLOGY,DELOITTE FOR CARAHSOFT TECHNOLOGY,0.999987
ITEX,ITEXTIG,0.999941
ITEX DBA TECHNOLOGY,ITEXTIG,0.999940
ITEXTIG,ITEXTIG VIA SSC,0.999981
THALES CANADA THALES AUSTRALIA IN JOINT VENTURE,THALES CANADA THALES AUSTRALIA IN JOINT VENTURE,0.999946
THALES CANADA SYSTEMS DIVISION,THALES CANADA THALES AUSTRALIA IN JOINT VENTURE,0.999965
THALES CANADA NAVAL SERVICES BU,THALES CANADA THALES AUSTRALIA IN JOINT VENTURE,0.999964
THALES CANADA THALES AUSTRALIA IN JOINT VENTURE,THALES COMMUNICATIONS,0.999970
THALES CANADA THALES AUSTRALIA IN JOINT VENTURE,THALES DEFENCE SECURITY,0.999963
AECOM,AECOM CANADA WINNIPEG,0.999983
AECOM,AECOM CONSULTANTS,0.999982
ADVANCED CHIPPEWA TECH,ADVANCED CHIPPEWA TECH ACT,0.999988
ADVANCED CHIPPEWA TECH ACT,ADVANCED CHIPPEWA THECHNOLOGIES,0.999987
ADVANCED CHIPPEWA TECH ACT,ADVANCED CHIPPEWAS,0.999987
EFR ENVIRONMENTAL,FERO WASTE RECYCLING,0.969848
CORCAN,FERO WASTE RECYCLING,0.624799
RICOH CANADA,RICOH CANADA,0.999986
LANDMARK SOLUTIONS,LANDMARK SOLUTIONS,0.999981
EXPERIS CANADA,EXPERIS VERITAAQ,0.999971
CANSEL SURVEY EQUIPMENT CANADA,CANSEL SURVEY EQUIPMENT EQUIPEMENTS DARPENTAGE CANSEL,0.999970
CANSEL SURVEY EQUIPMENT,CANSEL SURVEY EQUIPMENT EQUIPEMENTS DARPENTAGE CANSEL,0.999980
CANSEL,CANSEL SURVEY EQUIPMENT EQUIPEMENTS DARPENTAGE CANSEL,0.999408
CANSEL SURVEY EQUIPMENT EQUIPEMENTS DARPENTAGE CANSEL,COMBAT NETWORKS,0.523474
CGI INFORMATION SYSTEMS MANAGEMENT CONSULTANTS,CGI INFORMATION SYSTEMS MANAGEMENT CONSULTANTS,0.996750
WORLD FUEL SERVICES CANADA,WORLDD FUEL SERVICES CANADA,0.999982
WORLD FUEL SERVICES,WORLD FUEL SERVICES CANADA,0.999980
WORLD FUEL SERVICE,WORLD FUEL SERVICES CANADA,0.999980
WORLD FUEL FLIGHT SERVICES,WORLD FUEL SERVICES CANADA,0.999983
WORL FUEL SERVICES TRADING,WORLD FUEL SERVICES CANADA,0.999941
IMPERIAL OIL,WORLD FUEL SERVICES CANADA,0.995048
PALADIN SECURITY GROUP,PALADIN SECURITY GROUP,0.999960
PALADIN SECURITY GROUP,PALADIN SECURITY SYSTEMS,0.999827
HEWLETT PACKARD CANADA,PALADIN SECURITY GROUP,0.972798
THALES AIR TRAFFIC MANAGEMENT US,THALES COMMUNICATIONS,0.999973
THALES AIR TRAFFIC MANAGEMENT US,THALES CANADA SYSTEMS DIVISION,0.999940
THALES AIR TRAFFIC MANAGEMENT US,THALES CANADA NAVAL SERVICES BU,0.999943
THALES AIR TRAFFIC MANAGEMENT US,THALES DEFENCE SECURITY,0.999963
TELUS COMMUNICATIONS,TELUS COMMUNICATIONS,0.999986
TELUS COMMUNICATIONS,TELUS COMMUNICATIONS COMPANY,0.999985
TELUS COMMUNICATIONS,TELUS HEALTH,0.999986
MODIS CANADA CR 114705,TELUS COMMUNICATIONS,0.904731
MODIS CANADA,TELUS COMMUNICATIONS,0.926282
SHELL,SHELL AVIAITON,0.999978
SHELL,SHELLCANADA PRODUCTS,0.999976
SHELL,SHELL BRASIL,0.999974
GDI SERVICES CANADA,GDI SERVICES QUEBEC SEC,0.999980
GDI SERVICES,GDI SERVICES CANADA,0.999984
GDI SERVICES CANADA,GDI SERVICES CANADA,0.999982
JHT DEFENSE,JHT DEFENSE INCEC,0.999987
JHT DEFENSE,JHT DEFENSE,0.999987
MCELHANNEY EDMONTON,MCELHINNEY HOLDINGS,0.999935
MCELHANNEY CONSULTING SERVICES APRIL 20 2016,MCELHINNEY HOLDINGS,0.999819
ZYCOM TECH,ZYCOM TECHNOLOGIES,0.999981
ZYCOM,ZYCOM TECH,0.999972
CBCI TELECOMCOM,ZYCOM TECH,0.950206
ZYCOM AS RESELLER FOR DELL,ZYCOM TECH,0.999929
ESRI CANADA,ESRI CANADA LTC,0.999966
SHELL AVIAITON,SHELL BRASIL,0.999980
SHELL BRASIL,SHELLCANADA PRODUCTS,0.999981
TELUS HEALTH,TELUS HEALTH SOLUTIONS TELUS SOLUTIONS EN SANTE,0.999980
TELUS COMMUNICATIONS,TELUS HEALTH SOLUTIONS TELUS SOLUTIONS EN SANTE,0.999950
GROUPE SANTE MEDISYS,TELUS HEALTH SOLUTIONS TELUS SOLUTIONS EN SANTE,0.906289
TELUS COMMUNICATIONS COMPANY,TELUS HEALTH SOLUTIONS TELUS SOLUTIONS EN SANTE,0.999940
TELUS COLLABORATION SERVICES,TELUS HEALTH SOLUTIONS TELUS SOLUTIONS EN SANTE,0.999926
CARDINAL HEALTH,CARDINAL HEALTH,0.999983
HEWLETT PACKARD CANADA,HEWLETTPACKARD CANADA,0.997979
HEWLETT PACKARD CANADA,MCDONNELL DOUGLAS,0.965941
CANADIAN COMMISSIONAIRES,HEWLETT PACKARD CANADA,0.989729
COMMISSIONAIRES KINGSTON,HEWLETT PACKARD CANADA,0.984183
HEWLETT PACKARD CANADA,LUMINA IT,0.941011
COMMISSIONAIRE NOVA SCOTIA,HEWLETT PACKARD CANADA,0.986580
BA BLACKTOP,BA BLACKTOP,0.999777
CANADIAN COMMISSIONAIRES,CANADIAN CORPS COMMISSIONIARES,0.999984
CANADIAN COMMISSIONAIRES,COMMISSIONAIRES,0.999985
CANADIAN COMMISSIONAIRES,COMMISSIONAIRE NOVA SCOTIA,0.999985
CANADIAN COMMISSIONAIRES,COMMISSIONAIRES OTTAWA COLONADE,0.999986
CANADIAN COMMISSIONAIRES,CANADIAN CORPS COMISSIONAIRES,0.999984
CANADIAN COMMISSIONAIRES,COMMISIONAIRES SASKATCHEWAN,0.999977
CANADIAN COMMISSIONAIRES,CORPS COMMISSIONAIRES,0.999984
CANADIAN COMMISSIONAIRES,COMMISSIONAIRES KINGSTON,0.999985
CANADIAN COMMISSIONAIRES,COMMISSISONAIRES OTTAWA,0.999958
CANADIAN COMMISSIONAIRES,CANADIAN CORPS COMMISSIONAIRES,0.999984
CANADIAN COMMISSIONAIRES,CANADIAN CORPSCOMMISSIONNAIRES,0.999980
CANADIAN COMMISSIONAIRES,CANADIAN CORPS COMMISSIONAIRES NORTHERN ALBERTA DIVISION,0.999984
CANADIAN COMMISSIONAIRES,CANADIAN CORPS COMMISSIONAIRES NEWFOUNDLAND,0.999985
CANADIAN COMMISSIONAIRES,CANCORPS COMMISSIONAIRES,0.999986
CANADIAN COMMISSIONAIRES,UNITED RENTALS CANADA,0.917210
CANADIAN COMMISSIONAIRES,WORLDD FUEL SERVICES CANADA,0.962117
AMTEK ENGINEERING,AMTEK ENGINEERING SERVICES,0.999986
AMTEK ENGINEERING SERVICES,AMTEK ENGINEERING SERVICES LD,0.999986
AMTEK,AMTEK ENGINEERING SERVICES,0.999985
CANADIAN CORPS COMMISSIONAIRES,CANADIAN CORPS COMMISSIONIARES,0.999983
CANADIAN CORPS COMISSIONAIRES,CANADIAN CORPS COMMISSIONAIRES,0.999982
CANADIAN CORPS COMMISSIONAIRES,CANADIAN CORPS COMMISSIONAIRES NORTHERN ALBERTA DIVISION,0.999983
CANADIAN CORPS COMMISSIONAIRES,CORPS COMMISSIONAIRES,0.999983
CANADIAN CORPS COMMISSIONAIRES,COMMISSIONAIRE NOVA SCOTIA,0.999982
CANADIAN CORPS COMMISSIONAIRES,CANADIAN CORPS COMMISSIONAIRES NEWFOUNDLAND,0.999984
CANADIAN CORPS COMMISSIONAIRES,CANADIAN CORPSCOMMISSIONNAIRES,0.999982
CANADIAN CORPS COMMISSIONAIRES,COMMISIONAIRES SASKATCHEWAN,0.999973
CANADIAN CORPS COMMISSIONAIRES,COMMISSIONAIRES OTTAWA COLONADE,0.999984
CANADIAN CORPS COMMISSIONAIRES,COMMISSIONAIRES,0.999983
CANADIAN CORPS COMMISSIONAIRES,COMMISSISONAIRES OTTAWA,0.999926
CANADIAN CORPS COMMISSIONAIRES,COMMISSIONAIRES KINGSTON,0.999983
CANADIAN CORPS COMMISSIONAIRES,CANCORPS COMMISSIONAIRES,0.999984
CANADIAN CORPS COMMISSIONAIRES,COMMISSIONAIRES SECURITY SOLUTIONS,0.999982
HITACHI DATA SYSTEMS,HITACHI HIGHTECH CANADA,0.999986
IBM CANADA IBM CANADA,IBM CANADA IBM CANADA,0.999977
IBM CANADA,IBM CANADA IBM CANADA,0.999984
SNCLAVALIN,SNCLAVALIN DEFENSE PROGRAMS,0.999986
SNCLAVALIN DEFENSE PROGRAMS,SNCLAVALIN ENVIRONMENT VICTORIA,0.999985
SNC LAVALIN,SNCLAVALIN DEFENSE PROGRAMS,0.999982
SNCLAVALIN DEFENSE PROGRAMS,SNCLAVALIN MONTREAL,0.999986
SNC LAVALIN PROFAC,SNCLAVALIN DEFENSE PROGRAMS,0.999980
ATKINSREALIS FORMERLY SNCLAVALIN,SNCLAVALIN DEFENSE PROGRAMS,0.999982
CANADIAN CORPS COMMISSIONIARES,CORPS COMMISSIONAIRES,0.999982
COMMISSIONAIRES,CORPS COMMISSIONAIRES,0.999984
CANADIAN CORPS COMISSIONAIRES,CORPS COMMISSIONAIRES,0.999981
COMMISSIONAIRE NOVA SCOTIA,CORPS COMMISSIONAIRES,0.999984
COMMISIONAIRES SASKATCHEWAN,CORPS COMMISSIONAIRES,0.999960
COMMISSIONAIRES KINGSTON,CORPS COMMISSIONAIRES,0.999984
COMMISSIONAIRES OTTAWA COLONADE,CORPS COMMISSIONAIRES,0.999985
CANADIAN CORPSCOMMISSIONNAIRES,CORPS COMMISSIONAIRES,0.999979
CANCORPS COMMISSIONAIRES,CORPS COMMISSIONAIRES,0.999986
COMMISSISONAIRES OTTAWA,CORPS COMMISSIONAIRES,0.999940
CANADIAN CORPS COMMISSIONAIRES NORTHERN ALBERTA DIVISION,CORPS COMMISSIONAIRES,0.999983
COMBAT NETWORKS,CORPS COMMISSIONAIRES,0.601773
CORPS COMMISSIONAIRES,UNITED RENTALS CANADA,0.740634
CIMCO REFRIGERATION,CIMCO REFRIGERATION DIVISION TOROMONT INDUSTRIES,0.999985
CIMCO REFRIGERATION DIVISION TOROMONT INDUSTRIES,TOROMONT INDUSTRIES INDUSTRIES TOROMONT,0.999982
CIMCO REFRIGERATION DIVISION TOROMONT INDUSTRIES,TOROMONT ARCTIC,0.999976
CIMCO REFRIGERATION DIVISION TOROMONT INDUSTRIES,TOROMONT CAT POWER SYSTEMS,0.999981
CIMCO REFRIGERATION DIVISION TOROMONT INDUSTRIES,TOROMONT MATERIAL HANDLING,0.999976
CIMCO REFRIGERATION DIVISION TOROMONT INDUSTRIES,TOROMONT CAT,0.999975
SAMUEL MANUTECH,SAMUEL SON,0.999978
JOSEPH ELIE,SAMUEL MANUTECH,0.503431
ATKINSREALIS,ATKINSREALIS FORMERLY SNCLAVALIN,0.999985
EXCEL,EXCEL HUMAN RESOURCE,0.999988
EXCEL HUMAN RESOURCE,EXCEL HUMAN RESOURCES OPERATING AS EXCELITR,0.999989
ALTIS PROFESSIONAL RECRUITMENT EXCEL HUMAN RESOURCES,EXCEL HUMAN RESOURCE,0.999990
ALTIS HUMAN RESSOUCES,EXCEL HUMAN RESOURCE,0.999989
ALTIS HUMAN RESOURCES OTTAWA,EXCEL HUMAN RESOURCE,0.999990
ALTIS PROFESSIONAL RECRUITMENT,EXCEL HUMAN RESOURCE,0.999987
ALTIS HUMAN RESOURCES VANCOUVER I,EXCEL HUMAN RESOURCE,0.999990
ALTIS RECRUITMENT,EXCEL HUMAN RESOURCE,0.999988
ALTIS PROFESSIONAL SERVICES,EXCEL HUMAN RESOURCE,0.999988
ALTIS VANCOUVER,EXCEL HUMAN RESOURCE,0.999971
EXCEL HUMAN RESOURCE,TECHSOL MARINE,0.565838
ALTIS HUMAN RESOURCES OTTAWA EXCELHUMAN RESOURCES IN JOINT VENTURE,EXCEL HUMAN RESOURCE,0.999989
ALTIS RECRUITMENT TECHNOLOGY IN,EXCEL HUMAN RESOURCE,0.999988
EXCEL HUMAN RESOURCE,EXCELLERIS TECHNOLOGIES A DIVISION LIFELABS,0.992542
GLOBAL UPHOLSTERY,GLOBAL UPHOLSTERY RD,0.999989
GLOBAL UPHOLSETERY,GLOBAL UPHOLSTERY,0.999990
ERNST YOUNG GLOBAL,GLOBAL UPHOLSTERY,0.945330
GLOBAL UPHOLSTERY,WORLD FUEL SERVICES,0.996413
ACKLAND GRAINGER,ACKLANDS GRAINGER,0.999984
ACKLANDS GRAINGER,ACKLANDS GRAINGER CANADA,0.999984
ACKLANDS GRAINGER,ACKLANDSGRAINGER,0.999964
GDI SERVICES,GDI SERVICES QUEBEC SEC,0.999981
CHANDLER DIV JD IRVING,J D IRVING,0.999471
A DIVISION JD IRVING,J D IRVING,0.999683
IRVING EQUIPMENT,J D IRVING,0.999601
J D IRVING,KENT,0.779441
CALAIAN,CALIAN,0.999908
CMF CONSTRUCTION,CMF CONSTRUCTION,0.999968
ROGERS COMMUNICATIONS CANADA,ROGERS WIRELESS,0.999982
ROGERS ATT,ROGERS WIRELESS,0.999975
BABCOCK INTEGRATED TECHNOLOGY,BABCOCKI INTERNATIONAL GROUP,0.999983
AEF FUELS,AEG FULES,0.998544
JOHNSON CONTROLS CANADA,SOCIETE CONTROLE JOHNSON CANADA SEC,0.999929
MICROSOFT CONSULTING SERVICES,MICROSOFT SERVICES,0.999981
MICROSOFT,MICROSOFT CONSULTING SERVICES,0.999964
MICROSOFT CANADA,MICROSOFT CONSULTING SERVICES,0.999976
HEWLETT PACKARD CANADA,LEONARDO UK,0.694547
GENERAL DYNAMICS C4SYSTEMS,GENERAL DYNAMICS LAND SYSTEMS,0.999988
GENERAL DYNAMICS GLOBAL IMAGING TECHNOLOGIES,GENERAL DYNAMICS LAND SYSTEMS,0.999988
BALCK MCDONALD,BLACK MCDONALD OTTAWA,0.999936
BALCK MCDONALD,BLACK MCDONALD,0.999925
BALCK MCDONALD,BLACK MACDONALD,0.999894
L3 COMMUNICATIONS,L3 COMMUNICATIONS ELECTRONIC SYSTEMS,0.999984
L3 AVIATION PRODUCTS,L3 COMMUNICATIONS ELECTRONIC SYSTEMS,0.999976
L3 COMMUNICATIONS ELECTRONIC SYSTEMS,L3 MAPPS,0.999980
GROUPE HARNOIS,HARNOIS,0.999981
GROUPE HARNOIS,HARNOIS ENERGIE,0.999980
AKKODIS CANADA,MODIS CANADA,0.956718
AKKODIS CANADA,MODIS CANADA CR 114705,0.933056
SAMSON ASSOCIATES CPA CONSULTATION,SAMSON ASSOCIATES CPA CONSULTING SERVICES,0.999981
SAMSON ASSOCIATES CPA CONSULTATION,SAMSON ASSOCIES,0.999977
ROGERS ATT,SAMSON ASSOCIATES CPA CONSULTATION,0.999155
SHELL AVIAITON,SHELLCANADA PRODUCTS,0.999981
TELECOM,VALCOM CONSULTING GROUP,0.995599
CBCI TELECOMCOM,VALCOM CONSULTING GROUP,0.835070
KPMG FORENSIC,KPMG VICTORIA,0.999969
KPMG,KPMG FORENSIC,0.999980
KPMG FKA KPMG MSLP,KPMG FORENSIC,0.999959
ITNETOTTAWA KPMG IN JOINT VENTURE,KPMG FORENSIC,0.999850
STANTEC CONSULTING OTTAWA,STANTEC CONSULTING SCL,0.999986
STANTEC CONSULTING OTTAWA,STANTEC EXPERT CONSEILS,0.999986
STANTEC ARCHITECTURE,STANTEC CONSULTING OTTAWA,0.999987
ALTIS PROFESSIONAL RECRUITMENT,ALTIS RECRUITMENT,0.999989
ALTIS RECRUITMENT,ALTIS RECRUITMENT TECHNOLOGY IN,0.999989
ALTIS PROFESSIONAL RECRUITMENT EXCEL HUMAN RESOURCES,ALTIS RECRUITMENT,0.999989
ALTIS PROFESSIONAL SERVICES,ALTIS RECRUITMENT,0.999989
ALTIS HUMAN RESSOUCES,ALTIS RECRUITMENT,0.999989
ALTIS HUMAN RESOURCES OTTAWA,ALTIS RECRUITMENT,0.999989
ALTIS RECRUITMENT,ALTIS VANCOUVER,0.999987
ALTIS HUMAN RESOURCES VANCOUVER I,ALTIS RECRUITMENT,0.999989
ALTIS RECRUITMENT,TELUS COLLABORATION SERVICES,0.583484
ALTIS RECRUITMENT,EXCEL,0.999982
ALTIS HUMAN RESOURCES OTTAWA EXCELHUMAN RESOURCES IN JOINT VENTURE,ALTIS RECRUITMENT,0.999988
ALTIS RECRUITMENT,TELUS HEALTH,0.918028
INDUSTRA CONSTRUCTION,INDUSTRA CONSTRUCTION,0.999984
ZYCOM AS RESELLER FOR DELL,ZYCOM TECHNOLOGIES,0.999909
ZYCOM,ZYCOM AS RESELLER FOR DELL,0.999938
DELL COMPUTER,ZYCOM AS RESELLER FOR DELL,0.948264
DELL CANADA,ZYCOM AS RESELLER FOR DELL,0.736735
DELLCANADA,ZYCOM AS RESELLER FOR DELL,0.560772
ALTIS PROFESSIONAL RECRUITMENT EXCEL HUMAN RESOURCES,EXCEL HUMAN RESOURCES OPERATING AS EXCELITR,0.999989
EXCEL,EXCEL HUMAN RESOURCES OPERATING AS EXCELITR,0.999987
ALTIS HUMAN RESOURCES OTTAWA,EXCEL HUMAN RESOURCES OPERATING AS EXCELITR,0.999989
ALTIS HUMAN RESOURCES VANCOUVER I,EXCEL HUMAN RESOURCES OPERATING AS EXCELITR,0.999988
ALTIS HUMAN RESOURCES OTTAWA EXCELHUMAN RESOURCES IN JOINT VENTURE,EXCEL HUMAN RESOURCES OPERATING AS EXCELITR,0.999989
ALTIS HUMAN RESSOUCES,EXCEL HUMAN RESOURCES OPERATING AS EXCELITR,0.999981
ALTIS PROFESSIONAL SERVICES,EXCEL HUMAN RESOURCES OPERATING AS EXCELITR,0.999904
ALTIS VANCOUVER,EXCEL HUMAN RESOURCES OPERATING AS EXCELITR,0.908928
ALTIS PROFESSIONAL RECRUITMENT,EXCEL HUMAN RESOURCES OPERATING AS EXCELITR,0.999934
EXCEL HUMAN RESOURCES OPERATING AS EXCELITR,HEWLETT PACKARD CANADA,0.976882
ALTIS RECRUITMENT,EXCEL HUMAN RESOURCES OPERATING AS EXCELITR,0.999873
AFS AVIATION FUEL SERVICES,APRON FUEL SERVICES,0.999953
ALTIS VANCOUVER,EXCEL,0.999969
EXCEL,WORLS FUELS,0.907225
JANSSEN,JANSSENORTHO,0.999856
GFL ENVIRONMENTAL,GFL INVIRONMENTAL,0.999986
GFL ENVIROMENTAL,GFL ENVIRONMENTAL,0.999986
GFL ENVIRONMANTAL,GFL ENVIRONMENTAL,0.999986
GFL ENVIRONMENTAL,GFL ENVIRONMENTAL,0.999986
XEROX CANADA,XEROX CANADA,0.999984
LEICA MICROSYSTEMS CANADA,LEICA MICROSYSTEMS CANADA,0.999988
CDW CANADA,CDW CANADA,0.999984
LUMINA IT CBZ JOINT VENTURE,LUMINAIT,0.999829
DRS INFRARED TECHNOLOGIES,DRS TECHNOLOGIES,0.999964
TELUS COMMUNICATIONS COMPANY,TELUS COMMUNICATIONS COMPANY,0.999984
TELUS COMMUNICATIONS COMPANY,TELUS HEALTH,0.999985
MODIS CANADA,TELUS COMMUNICATIONS COMPANY,0.699438
MODIS CANADA CR 114705,TELUS COMMUNICATIONS COMPANY,0.543529
FLIGHT FUEL,FLIGHT FUELS,0.999910
SMITH CARTER ARCHITECTS OTTAWA,SMITH CARTER ARCHITECTS WINNIPEG,0.999977
ARCHITECTURE49,SMITH CARTER ARCHITECTS OTTAWA,0.706933
THALES CANADA NAVAL SERVICES BU,THALES CANADA SYSTEMS DIVISION,0.999975
THALES CANADA SYSTEMS DIVISION,THALES COMMUNICATIONS,0.999980
THALES CANADA SYSTEMS DIVISION,THALES DEFENCE SECURITY,0.999976
SOLOTECH,SOLOTECH QUEBEC,0.999986
CBCI SOLOTECH,SOLOTECH QUEBEC,0.999985
CBCI TELECOM A SOLOTECH COMPANY,SOLOTECH QUEBEC,0.999984
4 REFUEL,4REFUEL CANADA,0.992132
4 REFUEL,4OFFICE AUTOMATION,0.996461
PACIFIC INDUSTRIAL MARINE,PACIFIC INDUSTRIAL MARINE,0.999975
ACHITECTURE 49,ARCHITECTURE49,0.996614
COMPASS CANADA EUREST,VERREAULT NAVIGATION,0.997390
SIMEX DEFENSE,SIMEX EQUIPMENT,0.999985
SIMEX DEFENSE,SIMEX DEFENSE,0.999985
SIMEX DEFENCE IN,SIMEX DEFENSE,0.999984
ASOKAN BUSINESES INTERIORS,ASOKAN BUSINESS INTERIORS,0.999981
ASOKAN BUSINESES INTERIORS,ASOKAN SOLUTIONS BUREAU,0.999978
ASOKAN BUSINESES INTERIORS,ASOKAN SOLUTION BUREAU,0.999971
CANSEL SURVEY EQUIPMENT,CANSEL SURVEY EQUIPMENT CANADA,0.999983
CANSEL,CANSEL SURVEY EQUIPMENT CANADA,0.999939
SI SYSTEMS,SI SYSTEMS,0.999988
PETERS BROS CONSTRUCTION,PETERS BROS CONSTRUCTION,0.999979
RANDSTAD INTERIM,RANDSTAD INTERIM,0.999985
1025178RANDSTAD INTERIM,RANDSTAD INTERIM,0.999900
WOOD,WOOD CANADA,0.999895
BECTON DICKINSON CANADA,BECTON DICKINSON CANADA,0.999956
BECTON DICKINSON CANADA,BECTON DICKSON BD CANADA,0.999828
BARD CANADA,BECTON DICKINSON CANADA,0.996987
BECTON DICKINSON CANADA,HEWLETT PACKARD CANADA,0.737836
TOROMONT INDUSTRIES INDUSTRIES TOROMONT,TOROMONT INDUSTRIES INDUSTRIES TOROMONT,0.999984
TOROMONT INDUSTRIES INDUSTRIES TOROMONT,TOROMONT MATERIAL HANDLING,0.999984
TOROMONT CAT,TOROMONT INDUSTRIES INDUSTRIES TOROMONT,0.999983
TOROMONT ARCTIC,TOROMONT INDUSTRIES INDUSTRIES TOROMONT,0.999983
TOROMONT CAT POWER SYSTEMS,TOROMONT INDUSTRIES INDUSTRIES TOROMONT,0.999983
ATCO STRUCTURES LOGISTICS,ATCO STRUCTURES LOGISTICS SERVICES,0.999987
ATCO POWER CANADA,ATCO STRUCTURES LOGISTICS SERVICES,0.999987
WSP CANADA GROUP,WSP CANADA GROUP,0.999985
WSP CANADA GROUP,WSP EI CANADA,0.999984
LOGISTIC UNICORP,LOGISTIK UNICORP,0.999988
TELECOM,VALCOM CONSULTING,0.944636
CBCI TELECOMCOM,VALCOM CONSULTING,0.690046
VALCOM CONSULTING,ZYCOM,0.543254
FUJITSU CANADA,FUJITSU NETWORK COMMUNICATIONS,0.999989
FUJITSU CONSULTING CANADA FUJITSU CONSEIL CANADA,FUJITSU NETWORK COMMUNICATIONS,0.999985
BGIS GLOBAL INTEGRATED SOLUTIONS CA,BROOKFIELD GLOBAL INTEGRATED SOLUTION,0.999970
WORLD FUEL SERVICE,WORLD FUEL SERVICES,0.999979
WORLD FUEL FLIGHT SERVICES,WORLD FUEL SERVICES,0.999981
WORLD FUEL SERVICES,WORLDD FUEL SERVICES CANADA,0.999981
AFS AVIATION FUEL SERVICES,WORLD FUEL SERVICES,0.849226
WORL FUEL SERVICES TRADING,WORLD FUEL SERVICES,0.999953
IMPERIAL OIL,WORLD FUEL SERVICES,0.998434
INPERIAL OIL,WORLD FUEL SERVICES,0.957396
GLOBAL UPHOLSTERY RD,WORLD FUEL SERVICES,0.984479
LIFE TECHNOLOGIES,LIFE TECHNOLOGIES,0.999970
ZYCOM,ZYCOM TECHNOLOGIES,0.999970
TELECOM COMPUTER,TELECOM COMPUTERS,0.999970
TELECOM,TELECOM COMPUTER,0.999610
WORLD FUEL FLIGHT SERVICES,WORLD FUEL SERVICE,0.999982
WORLD FUEL SERVICE,WORLDD FUEL SERVICES CANADA,0.999981
AFS AVIATION FUEL SERVICES,WORLD FUEL SERVICE,0.947149
WORL FUEL SERVICES TRADING,WORLD FUEL SERVICE,0.999955
IMPERIAL OIL,WORLD FUEL SERVICE,0.998335
INPERIAL OIL,WORLD FUEL SERVICE,0.971744
GLOBAL UPHOLSTERY RD,WORLD FUEL SERVICE,0.817838
CANADIAN CORPS COMMISSIONAIRES NEWFOUNDLAND,CANADIAN CORPS COMMISSIONAIRES NORTHERN ALBERTA DIVISION,0.999984
CANADIAN CORPS COMMISSIONAIRES NEWFOUNDLAND,CANADIAN CORPS COMMISSIONIARES,0.999984
CANADIAN CORPS COMISSIONAIRES,CANADIAN CORPS COMMISSIONAIRES NEWFOUNDLAND,0.999983
CANADIAN CORPS COMMISSIONAIRES NEWFOUNDLAND,COMMISSIONAIRE NOVA SCOTIA,0.999985
CANADIAN CORPS COMMISSIONAIRES NEWFOUNDLAND,CANADIAN CORPSCOMMISSIONNAIRES,0.999983
CANADIAN CORPS COMMISSIONAIRES NEWFOUNDLAND,COMMISIONAIRES SASKATCHEWAN,0.999975
CANADIAN CORPS COMMISSIONAIRES NEWFOUNDLAND,COMMISSIONAIRES OTTAWA COLONADE,0.999985
CANADIAN CORPS COMMISSIONAIRES NEWFOUNDLAND,CORPS COMMISSIONAIRES,0.999984
CANADIAN CORPS COMMISSIONAIRES NEWFOUNDLAND,COMMISSIONAIRES KINGSTON,0.999985
CANADIAN CORPS COMMISSIONAIRES NEWFOUNDLAND,COMMISSISONAIRES OTTAWA,0.999816
CANADIAN CORPS COMMISSIONAIRES NEWFOUNDLAND,COMMISSIONAIRES,0.999985
CANADIAN CORPS COMMISSIONAIRES NEWFOUNDLAND,HEWLETT PACKARD CANADA,0.977085
SIMEX DEFENCE IN,SIMEX EQUIPMENT,0.999979
SYSCO FOOD SERVICES TORONTO,SYSCO SERCA FOOD SERVICES WEST,0.999985
SYSCO SERCA FOOD SERVICES WEST,SYSCO SERCA FOOD SERVICESATLANTIC,0.999979
SYSCO SERCA FOOD SERVICES WEST,SYSCO SERCA SERVICES ATLANTIC,0.999983
SYSCO SERCA ATLANTIC,SYSCO SERCA FOOD SERVICES WEST,0.999984
SYSCO SERCA FOOD SERVICES WEST,SYSCO SERTA,0.999920
SYSCO OTTAWA,SYSCO SERCA FOOD SERVICES WEST,0.999954
SYSCO SERCA FOOD SERVICES WEST,SYSCO STURGEON FALLS,0.999828
RHEINMETALL CANADA,RHEINMETALL ELECTRONICS,0.999988
RHEINMETALL ELECTRONICS,RHEINMETALL MAN MILITARY,0.999988
COMPASS CANADA EUREST,COMPASS CANADA SUPPORT SERVICES,0.999984
COMPASS CANADA EUREST,COMPASS GROUP CANADA,0.999983
ALTIS PROFESSIONAL RECRUITMENT,ALTIS RECRUITMENT TECHNOLOGY IN,0.999989
ALTIS PROFESSIONAL RECRUITMENT EXCEL HUMAN RESOURCES,ALTIS RECRUITMENT TECHNOLOGY IN,0.999989
ALTIS PROFESSIONAL SERVICES,ALTIS RECRUITMENT TECHNOLOGY IN,0.999989
ALTIS HUMAN RESSOUCES,ALTIS RECRUITMENT TECHNOLOGY IN,0.999989
ALTIS HUMAN RESOURCES OTTAWA,ALTIS RECRUITMENT TECHNOLOGY IN,0.999989
ALTIS RECRUITMENT TECHNOLOGY IN,ALTIS VANCOUVER,0.999988
ALTIS HUMAN RESOURCES VANCOUVER I,ALTIS RECRUITMENT TECHNOLOGY IN,0.999989
ALTIS HUMAN RESOURCES OTTAWA EXCELHUMAN RESOURCES IN JOINT VENTURE,ALTIS RECRUITMENT TECHNOLOGY IN,0.999988
ALTIS RECRUITMENT TECHNOLOGY IN,TELUS COLLABORATION SERVICES,0.570441
ALTIS RECRUITMENT TECHNOLOGY IN,TELUS HEALTH,0.766678
DELL CANADA,DELL CANADA RESELLER NISHA TECHNOLOGIES,0.881540
GCSTRATEGIES,GCSTRATGEIES,0.999979
EXECUTIVE FLIGHT CTR AVIATION,EXECUTIVE FLIGTH CENTER FUEL,0.999970
DELOITTE TOUCHE,DELOITTE TOUCHE TOHMATSU CERTIFIED PUBLIC ACCOUNTANTS,0.999979
DELOITTE TOHMATSU FINANCIAL ADVISOR,DELOITTE TOUCHE,0.999633
ALLTECK LINE CONTRACTORS,ALLTECK PARTNERSHIP,0.999981
ASOKAN BUSINESS INTERIORS,ASOKAN BUSINESS INTERIORS,0.999983
ASOKAN BUSINESS INTERIORS,ASOKAN SOLUTION BUREAU,0.999976
ASOKAN BUSINESS INTERIORS,ASOKAN SOLUTIONS BUREAU,0.999980
LOCKHEED MARTIN CANADA,LOCKHEED MARTIN OVERSEAS SERVICES,0.999986
LOCKHEED MARTIN OVERSEAS SERVICES,LOCKHEED MARTIN SIPPICAN,0.999985
KENT,KENT BUILDING SUPPLIES,0.999734
SYSCO SERCA ATLANTIC,SYSCO STURGEON FALLS,0.999924
SYSCO SERTA,SYSCO STURGEON FALLS,0.999961
SYSCO OTTAWA,SYSCO STURGEON FALLS,0.999982
SYSCO SERCA SERVICES ATLANTIC,SYSCO STURGEON FALLS,0.999954
SYSCO FOOD SERVICES TORONTO,SYSCO STURGEON FALLS,0.999977
GENERAL DYNAMICS C4SYSTEMS,GENERAL DYNAMICS GLOBAL IMAGING TECHNOLOGIES,0.999988
KNAPPETT INDUSTRIES 2006,KNAPPETT INDUSTRIES 2006,0.999964
THALES COMMUNICATIONS,THALES DEFENCE SECURITY,0.999982
THALES CANADA NAVAL SERVICES BU,THALES COMMUNICATIONS,0.999980
BELL CANADA,BELL CANADA TELEPHONE,0.999978
BELL CANADA,BELL TELEPHONE COMPANY CANADA OR BELL CANADA COMPAGNIE TE,0.999966
FUJITSU CANADA,FUJITSU CONSULTING CANADA FUJITSU CONSEIL CANADA,0.999985
STANTEC ARCHITECTURE,STANTEC EXPERT CONSEILS,0.999986
STANTEC ARCHITECTURE,STANTEC CONSULTING SCL,0.999987
ADGA GROUP CONSULTANTS,NAME ADGA GROUP CONSULTANTS,0.999958
ADGA GROUP CONSULTING,NAME ADGA GROUP CONSULTANTS,0.999946
IRVING OIL,IRVING OIL COMMERCIAL GP,0.999988
IRVING OIL,PETROLES IRVING,0.999974
VANCOUVER SHIPYARDS,VICTORIA SHIPYARDS DND VENDOR 0001201424,0.999962
ATCO STRUCTURES LOGISTICS,ATCO STRUCTURES LOGISTICS,0.999987
ATCO POWER CANADA,ATCO STRUCTURES LOGISTICS,0.999987
MICROSOFT,MICROSOFT SERVICES,0.999976
MICROSOFT CANADA,MICROSOFT SERVICES,0.999981
MNP,MNP,0.999985
IT NET,ITNET,0.999973
ITNET,ITNET OTTAWA,0.999976
ITNET,ROGERS WIRELESS,0.803744
ITNET,ITNETOTTAWA KPMG IN JOINT VENTURE,0.999942
ITNET,ROGERS COMMUNICATIONS CANADA,0.623954
MOTOROLA SOLUTION CANADA,MOTOROLA SOLUTIONS CA,0.999982
CANADIAN CORPS COMISSIONAIRES,COMMISIONAIRES SASKATCHEWAN,0.999980
COMMISIONAIRES SASKATCHEWAN,COMMISSISONAIRES OTTAWA,0.999966
CANADIAN CORPS COMMISSIONIARES,COMMISIONAIRES SASKATCHEWAN,0.999913
COMMISIONAIRES SASKATCHEWAN,COMMISSIONAIRES,0.999948
COMMISIONAIRES SASKATCHEWAN,COMMISSIONAIRES OTTAWA COLONADE,0.999952
COMMISIONAIRES SASKATCHEWAN,COMMISSIONAIRE NOVA SCOTIA,0.999951
COMMISIONAIRES SASKATCHEWAN,COMMISSIONAIRES KINGSTON,0.999959
CANADIAN CORPS COMMISSIONAIRES NORTHERN ALBERTA DIVISION,COMMISIONAIRES SASKATCHEWAN,0.999974
CANADIAN CORPSCOMMISSIONNAIRES,COMMISIONAIRES SASKATCHEWAN,0.999961
CANCORPS COMMISSIONAIRES,COMMISIONAIRES SASKATCHEWAN,0.999929
TECKNION,TEKNION ROY BRETON,0.999983
TEKNION,TEKNION ROY BRETON,0.999985
SYSCO SERCA FOOD SERVICESATLANTIC,SYSCO SERCA SERVICES ATLANTIC,0.999980
SYSCO SERCA ATLANTIC,SYSCO SERCA FOOD SERVICESATLANTIC,0.999979
SYSCO FOOD SERVICES TORONTO,SYSCO SERCA FOOD SERVICESATLANTIC,0.999981
SYSCO SERCA FOOD SERVICESATLANTIC,SYSCO SERTA,0.999886
SYSCO SERCA FOOD SERVICESATLANTIC,SYSCO STURGEON FALLS,0.999788
SYSCO OTTAWA,SYSCO SERCA FOOD SERVICESATLANTIC,0.999906
SYSCO SERCA FOOD SERVICESATLANTIC,WORL FUEL SERVICES TRADING,0.630677
SYSCO SERCA FOOD SERVICESATLANTIC,WORLS FUELS,0.608280
COLUMBIA FUELS OA PARKLAND FUELS,PARKLAND OA COLUMBIA FUELS,0.999981
COLUMBIA FUELS OA PARKLAND FUELS,UNIVERSITY BRITISH COLUMBIA,0.955047
COLUMBIA FUELS OA PARKLAND FUELS,UNIVERSITY BRITISH COLUMBIA OKANAGAN,0.997033
COMMISSISONAIRES OTTAWA,TELFER SCHOOL MANAGEMENT UNIVERSITY OTTAWA,0.953044
PRICEWATERHOUSECOOPERS,PRICEWATERHOUSECOOPERS CATHERINE PEACOCK,0.999986
PRICEWATERHOUSECOOPERS,PRICEWATERHOUSECOOPERS OWEN TAYLOR,0.999987
PRICE WATERHOUSE COOPERS PWC,PRICEWATERHOUSECOOPERS,0.999979
PRICEWATERHOUSECOOPERS,PRICEWATERHOUSECOOPERS,0.999987
PRICEWATERHOUSE COOPERS,PRICEWATERHOUSECOOPERS,0.999986
PRICE WATERHOUSE COOPER,PRICEWATERHOUSECOOPERS,0.999986
SNCLAVALIN,SNCLAVALIN ENVIRONMENT VICTORIA,0.999985
SNCLAVALIN ENVIRONMENT VICTORIA,SNCLAVALIN MONTREAL,0.999985
SNC LAVALIN,SNCLAVALIN ENVIRONMENT VICTORIA,0.999981
SNC LAVALIN PROFAC,SNCLAVALIN ENVIRONMENT VICTORIA,0.999978
ATKINSREALIS FORMERLY SNCLAVALIN,SNCLAVALIN ENVIRONMENT VICTORIA,0.999982
TEKSYSTEMS CANADA,TEKSYSTEMS CANADA,0.999988
TEKSYSTEMS CANADA,TEKSYSTEMS CANADA SOCIETY TEKSYSTEMS CANADA,0.999981
ITEX,ITEX DBA TECHNOLOGY,0.999935
ITEX,ITEXTIG VIA SSC,0.999897
SNCLAVALIN,SNCLAVALIN,0.999984
SNC LAVALIN,SNCLAVALIN,0.999981
SNCLAVALIN,SNCLAVALIN MONTREAL,0.999985
EMERION,LUMINA IT,0.999983
MAPLE REINDERS CONSTRUCTORS,MAPLE REINDERS CONSTRUCTORS,0.999983
KONICA BUSINESS SOLUTIONS,KONICA MINOLTA BUSINESS,0.999988
KONICA BUSINESS SOLUTIONS,KONICA MINOLTA BUSINESS SOLUTIONS CANADA,0.999989
ARAMARK,ARAMARK CANADA,0.999987
IBISKA,IBISKA TELECOM,0.999978
IBISKA TELECOM,IBISKA TELECOM,0.999983
ALTIS PROFESSIONAL SERVICES,TELUS HEALTH,0.906446
ALTIS HUMAN RESSOUCES,TELUS HEALTH,0.995812
MODIS CANADA CR 114705,TELUS HEALTH,0.929759
TOROMONT CAT,TOROMONT MATERIAL HANDLING,0.999983
TOROMONT CAT,TOROMONT CAT POWER SYSTEMS,0.999984
TOROMONT ARCTIC,TOROMONT CAT,0.999984
CANCORPS COMMISSIONAIRES,COMMISSIONAIRES,0.999986
CANCORPS COMMISSIONAIRES,COMMISSIONAIRES KINGSTON,0.999986
CANADIAN CORPS COMISSIONAIRES,CANCORPS COMMISSIONAIRES,0.999973
CANADIAN CORPS COMMISSIONIARES,CANCORPS COMMISSIONAIRES,0.999979
CANCORPS COMMISSIONAIRES,COMMISSIONAIRES OTTAWA COLONADE,0.999986
CANCORPS COMMISSIONAIRES,COMMISSIONAIRE NOVA SCOTIA,0.999985
CANCORPS COMMISSIONAIRES,COMMISSISONAIRES OTTAWA,0.999651
CANADIAN CORPSCOMMISSIONNAIRES,CANCORPS COMMISSIONAIRES,0.999969
BIRD CONSTRUCTION GROUP,BIRD CONSTRUCTION GROUP,0.999984
ACKLAND GRAINGER,ACKLANDS GRAINGER CANADA,0.999984
ACKLANDS GRAINGER CANADA,ACKLANDSGRAINGER,0.999963
LOCKHEED MARTIN CANADA,LOCKHEED MARTIN SIPPICAN,0.999986
HEWLETT PACKARD CANADA,LOCKHEED MARTIN CANADA,0.835387
ADIRONDACK INFORMATION MANAGEMENT AMITA ARTEMP PERSONNEL SERVICES AIM GROUP IN JOINT VENTURE,ADIRONDACK MANAGEMENT,0.999982
ERNST YOUNG GLOBAL,ERNST YOUNG MONTREAL,0.999974
ERNST YOUNG GLOBAL,ERNST YOUNG TTTTTTTT,0.999961
MODIS CANADA,MODIS CANADA CR 114705,0.999981
ADRM TECHNOLOGY CONSULTING GROUP,ADRM TECHNOLOGY CONSULTING GROUP,0.999985
ADRM TECHNOLOGY CONSULTING GROUP,ADRM TECHNOLOGY CONSULTING GROUP ANTIAN PROFESSIONAL SERVICES,0.999985
ADRM TECH,ADRM TECHNOLOGY CONSULTING GROUP,0.999986
FFG FLENSBURG FAHRZEUGBAU GESELLSCHAFT MBH,FFG FLENSBURGER FAHRZEUGBAU GESELLSCHAFT MBH,0.999978
DALHOUSIE UNIVERSITY,DALHOUSIE UNIVERSITY CONFERENCE SERVICES SUMMER HOUSING,0.999951
BECTON DICKSON BD CANADA,HEWLETT PACKARD CANADA,0.804961
THALES CANADA NAVAL SERVICES BU,THALES DEFENCE SECURITY,0.999975
IBI GROUP ARCHITECTS CANADA MORIYAMA TESHIMA ARCHITECTS IN JOINT VENTURE,MORIYAMA TESHIMA ARCHITECTS,0.999969
ASOKAN SOLUTION BUREAU,ASOKAN SOLUTIONS BUREAU,0.999979
EXCEL HUMAN RESOURCES OPERATING AS EXCELITR,EXCELLERIS TECHNOLOGIES A DIVISION LIFELABS,0.999443
RHEINMETALL CANADA,RHEINMETALL MAN MILITARY,0.999988
GOLDER ASSOCIATES,GOLDER ASSOCIATES,0.999984
GOLDER ASSOCIATE,GOLDER ASSOCIATES,0.999983
KPMG FKA KPMG MSLP,KPMG VICTORIA,0.999954
ITNETOTTAWA KPMG IN JOINT VENTURE,KPMG FKA KPMG MSLP,0.999781
KPMG,KPMG FKA KPMG MSLP,0.999964
CORCAN CORRECTIONAL SERVICE CANADA,CORRECTIONAL SERVICES CANADA,0.999974
CORCAN,CORCAN CORRECTIONAL SERVICE CANADA,0.999977
CANADIAN CORPSCOMMISSIONNAIRES,CORCAN CORRECTIONAL SERVICE CANADA,0.650156
CORCAN CORRECTIONAL SERVICE CANADA,WORLD FUEL SERVICES CANADA,0.998755
CORCAN CORRECTIONAL SERVICE CANADA,WORLDD FUEL SERVICES CANADA,0.997193
COMMISSISONAIRES OTTAWA,CORCAN CORRECTIONAL SERVICE CANADA,0.832246
COMBAT NETWORKS,CORCAN CORRECTIONAL SERVICE CANADA,0.541340
CORCAN CORRECTIONAL SERVICE CANADA,WORLD FUEL SERVICE,0.998130
CORCAN CORRECTIONAL SERVICE CANADA,WORLD FUEL SERVICES,0.996422
HEWLETT PACKARD CANADA,LOCKHEED MARTIN SIPPICAN,0.507693
GFL ENVIROMENTAL,GFL ENVIRONMANTAL,0.999984
GFL ENVIRONMANTAL,GFL INVIRONMENTAL,0.999985
FORD MOTOR CANADA,FORD MOTOR COMPANY CANADA,0.999985
AIRPORT FORD LINCOLN,FORD MOTOR CANADA,0.999975
ALTIS HUMAN RESOURCES OTTAWA,ALTIS HUMAN RESOURCES VANCOUVER I,0.999989
ALTIS HUMAN RESOURCES OTTAWA,ALTIS PROFESSIONAL RECRUITMENT EXCEL HUMAN RESOURCES,0.999989
ALTIS HUMAN RESOURCES OTTAWA,ALTIS PROFESSIONAL SERVICES,0.999988
ALTIS HUMAN RESOURCES OTTAWA,ALTIS PROFESSIONAL RECRUITMENT,0.999988
ALTIS HUMAN RESOURCES OTTAWA,ALTIS HUMAN RESOURCES OTTAWA EXCELHUMAN RESOURCES IN JOINT VENTURE,0.999989
ALTIS HUMAN RESOURCES OTTAWA,ALTIS VANCOUVER,0.999988
ALTIS HUMAN RESOURCES OTTAWA,ALTIS HUMAN RESSOUCES,0.999989
COMBAT NETWORKS,DECISIVE GROUP,0.603954
OPEN TEXT,OPEN TEXT CO JP MORGAN LOCKBOX,0.999964
ABIADVANCED BUSINESS INTERIORS,CARLETON UNIVERSITY SCHOOL BUSINESS,0.560006
CARLETON UNIVERSITY SCHOOL BUSINESS,HEWLETT PACKARD CANADA,0.882699
TEKNION,TEKNION,0.999985
TECKNION,TEKNION,0.999984
TEKNION,TEKNION FURNITURES SYS,0.999985
AV TECH,AVTECH,0.999966
SAP,SAP CANADA,0.999916
RAYTHEON SECURE INFORMATION SYSTEMS,RAYTHEON SYSTEMS COMPANY,0.999986
RAYTHEON CANADA,RAYTHEON SECURE INFORMATION SYSTEMS,0.999986
RAYTHEON COMPANY,RAYTHEON SECURE INFORMATION SYSTEMS,0.999987
PAL AEROSPACE,WORL FUEL SERVICES TRADING,0.845659
LARRY PENNER ENTERPISES,LARRY PENNER ENTERPRISES,0.999983
IT NET,ITNET OTTAWA,0.999977
IT NET,ROGERS WIRELESS,0.830420
RAYTHEON CANADA,RAYTHEON CANADA,0.999986
RAYTHEON CANADA,RAYTHEON SYSTEMS COMPANY,0.999982
RAYTHEON CANADA,RAYTHEON COMPANY,0.999983
HARRIS CANADA SYSTEMS,HARRIS CANADA SYSTEMS,0.999979
ITI CANADA,ITI CANADA,0.999350
PRICE WATERHOUSE COOPERS PWC,PRICEWATERHOUSECOOPERS CATHERINE PEACOCK,0.999971
PRICE WATERHOUSE COOPERS PWC,PRICEWATERHOUSECOOPERS OWEN TAYLOR,0.999968
PRICE WATERHOUSE COOPERS PWC,PRICEWATERHOUSE COOPERS,0.999982
PRICE WATERHOUSE COOPER,PRICE WATERHOUSE COOPERS PWC,0.999984
PRICE WATERHOUSE COOPERS PWC,PWC CONSULTING,0.999905
IBI GROUP PROFESSIONAL SERVICES,IBI GROUP PROFESSIONAL SERVICES CANADA,0.999888
TECHSOL MARINE,UNISOURCE TECHNOLOGY,0.764674
ABIADVANCED BUSINESS INTERIORS,UNISOURCE TECHNOLOGY,0.568670
PAL AEROSPACE,UNISOURCE TECHNOLOGY,0.863774
COMMISSIONAIRES KINGSTON,UNISOURCE TECHNOLOGY,0.921024
HEWLETT PACKARD CANADA,UNISOURCE TECHNOLOGY,0.965765
LUMINA IT CBZ JOINT VENTURE,UNISOURCE TECHNOLOGY,0.585750
EFR ENVIRONMENTAL,UNISOURCE TECHNOLOGY,0.871436
LOGISTIC UNICORP,UNISOURCE TECHNOLOGY,0.575599
LOGISTIK UNICORP,UNISOURCE TECHNOLOGY,0.680776
COMMISSIONAIRES,UNISOURCE TECHNOLOGY,0.976858
LUMINA IT,UNISOURCE TECHNOLOGY,0.959574
ITNETOTTAWA KPMG IN JOINT VENTURE,UNISOURCE TECHNOLOGY,0.795506
IMPERIAL OIL,UNISOURCE TECHNOLOGY,0.697076
CORCAN,UNISOURCE TECHNOLOGY,0.973323
UNISOURCE TECHNOLOGY,WORLS FUELS,0.600704
ERNST YOUNG GLOBAL,UNISOURCE TECHNOLOGY,0.669341
ORACLE CANADA,ORACLE CANADA,0.999984
ORACLE CANADA,ORACLE CORPORATIONS CANADA,0.999983
CANADIAN CORPS COMISSIONAIRES,CANADIAN CORPSCOMMISSIONNAIRES,0.999983
CANADIAN CORPS COMMISSIONIARES,CANADIAN CORPSCOMMISSIONNAIRES,0.999980
CANADIAN CORPSCOMMISSIONNAIRES,COMMISSISONAIRES OTTAWA,0.999944
CANADIAN CORPSCOMMISSIONNAIRES,COMMISSIONAIRE NOVA SCOTIA,0.999963
CANADIAN CORPS COMMISSIONAIRES NORTHERN ALBERTA DIVISION,CANADIAN CORPSCOMMISSIONNAIRES,0.999981
CANADIAN CORPSCOMMISSIONNAIRES,COMMISSIONAIRES OTTAWA COLONADE,0.999978
CANADIAN CORPSCOMMISSIONNAIRES,COMMISSIONAIRES,0.999977
CANADIAN CORPSCOMMISSIONNAIRES,COMMISSIONAIRES KINGSTON,0.999973
CANADIAN CORPSCOMMISSIONNAIRES,COMMISSIONAIRES SECURITY SOLUTIONS,0.999973
CANADIAN CORPS COMMISSIONAIRES,TEKSYSTEMS CANADA SOCIETY TEKSYSTEMS CANADA,0.708045
SI SYSTEMS,TEKSYSTEMS CANADA SOCIETY TEKSYSTEMS CANADA,0.996140
CANADIAN CORPS COMISSIONAIRES,TEKSYSTEMS CANADA SOCIETY TEKSYSTEMS CANADA,0.734376
COMMISSIONAIRE NOVA SCOTIA,TEKSYSTEMS CANADA SOCIETY TEKSYSTEMS CANADA,0.966189
CANADIAN COMMISSIONAIRES,TEKSYSTEMS CANADA SOCIETY TEKSYSTEMS CANADA,0.952902
COMMISIONAIRES SASKATCHEWAN,TEKSYSTEMS CANADA SOCIETY TEKSYSTEMS CANADA,0.909567
CANADIAN CORPS COMMISSIONAIRES NORTHERN ALBERTA DIVISION,TEKSYSTEMS CANADA SOCIETY TEKSYSTEMS CANADA,0.677085
AJILON CANADA,TEKSYSTEMS CANADA SOCIETY TEKSYSTEMS CANADA,0.874709
COMMISSIONAIRES KINGSTON,TEKSYSTEMS CANADA SOCIETY TEKSYSTEMS CANADA,0.933093
COMMISSIONAIRES MANITOBA,TEKSYSTEMS CANADA SOCIETY TEKSYSTEMS CANADA,0.879246
PALADIN SECURITY GROUP,TEKSYSTEMS CANADA SOCIETY TEKSYSTEMS CANADA,0.525699
CANADIAN CORPS COMMISSIONIARES,TEKSYSTEMS CANADA SOCIETY TEKSYSTEMS CANADA,0.897387
COMMISSIONAIRES OTTAWA COLONADE,TEKSYSTEMS CANADA SOCIETY TEKSYSTEMS CANADA,0.904801
COMMISSISONAIRES OTTAWA,TEKSYSTEMS CANADA SOCIETY TEKSYSTEMS CANADA,0.987149
CANADIAN CORPS COMMISSIONAIRES NEWFOUNDLAND,TEKSYSTEMS CANADA SOCIETY TEKSYSTEMS CANADA,0.869839
ROGERS ATT,ROGERS COMMUNICATIONS CANADA,0.999980
STANTEC CONSULTING SCL,STANTEC EXPERT CONSEILS,0.999986
CORCAN,WORL FUEL SERVICES TRADING,0.993580
MACEWEN,MACEWEN PETROLEUM,0.999986
ACKLAND GRAINGER,ACKLANDSGRAINGER,0.999963
COMMISSIONAIRES OTTAWA COLONADE,COMMISSISONAIRES OTTAWA,0.999967
CANADIAN CORPS COMMISSIONIARES,COMMISSISONAIRES OTTAWA,0.999860
CANADIAN CORPS COMISSIONAIRES,COMMISSISONAIRES OTTAWA,0.999949
COMMISSIONAIRES,COMMISSISONAIRES OTTAWA,0.999952
COMMISSIONAIRE NOVA SCOTIA,COMMISSISONAIRES OTTAWA,0.999934
COMMISSIONAIRES KINGSTON,COMMISSISONAIRES OTTAWA,0.999947
CANADIAN CORPS COMMISSIONAIRES NORTHERN ALBERTA DIVISION,COMMISSISONAIRES OTTAWA,0.999926
COMMISSISONAIRES OTTAWA,CORCAN,0.902382
COMMISSISONAIRES OTTAWA,LUMINA IT,0.641458
PROTAK,PROTAK CONUSLTING GROUP,0.999975
DONA CONA,PROTAK CONUSLTING GROUP,0.577135
ADGA GROUP CONSULTANTS,ADGA GROUP CONSULTING,0.999972
WOOD CANADA,WOOD CANADA,0.999960
THERMO FISHER SCIENTIFIC,THERMO FISHER SCIENTIFIC MISSISSAUG,0.999988
THERMO ELECTRON CALGARY,THERMO FISHER SCIENTIFIC,0.999987
THERMO FISHER SCIENTIFIC,WORLS FUELS,0.559276
HEWLETT PACKARD CANADA,THERMO FISHER SCIENTIFIC,0.976727
ADVANCED CHIPPEWA TECH,ADVANCED CHIPPEWA THECHNOLOGIES,0.999988
ADVANCED CHIPPEWA THECHNOLOGIES,ADVANCED CHIPPEWAS,0.999987
PRICEWATERHOUSECOOPERS CATHERINE PEACOCK,PRICEWATERHOUSECOOPERS OWEN TAYLOR,0.999985
PRICEWATERHOUSE COOPERS,PRICEWATERHOUSECOOPERS CATHERINE PEACOCK,0.999980
PRICE WATERHOUSE COOPER,PRICEWATERHOUSECOOPERS CATHERINE PEACOCK,0.999973
ARTEMP PERSONNEL,ARTEMP PERSONNEL SERVICES,0.999983
DELOITTE TOHMATSU FINANCIAL ADVISOR,DELOITTE TOUCHE TOHMATSU CERTIFIED PUBLIC ACCOUNTANTS,0.999978
ECOLE LANGUES CITE,ECOLE LANGUES CITE,0.999986
BLACK MCDONALD,BLACK MCDONALD OTTAWA,0.999985
BLACK MACDONALD,BLACK MCDONALD OTTAWA,0.999981
BLACK MCDONALD OTTAWA,MCDONNELL DOUGLAS,0.982118
COMPUTER ASSOCIATES CANADA COMPANY,IBM CANADA,0.848102
COMPUTER ASSOCIATES CANADA COMPANY,TELECOM COMPUTER,0.533824
CORD MOTOR COMPANY CANADA,FORD MOTOR COMPANY CANADA,0.999936
SNC LAVALIN PROFAC,SNCLAVALIN,0.999979
ATKINSREALIS FORMERLY SNCLAVALIN,SNCLAVALIN,0.999982
SNC LAVALIN,SNC LAVALIN,0.999981
SNC LAVALIN,SNCLAVALIN MONTREAL,0.999981
SNC LAVALIN,SNC LAVALIN PROFAC,0.999982
AFS AVIATION FUEL SERVICES,WORLD FUEL FLIGHT SERVICES,0.678047
WORLD FUEL FLIGHT SERVICES,WORLDD FUEL SERVICES CANADA,0.999983
WORL FUEL SERVICES TRADING,WORLD FUEL FLIGHT SERVICES,0.999940
IMPERIAL OIL,WORLD FUEL FLIGHT SERVICES,0.976184
MDA GEOSPATIAL SERVICES,MDA SYSTEMS,0.999977
COMPUTACENTER TERAMACH,TERAMACH TECHNOLOGIE,0.999977
ALTIS PROFESSIONAL RECRUITMENT,ALTIS PROFESSIONAL SERVICES,0.999989
ALTIS HUMAN RESSOUCES,ALTIS PROFESSIONAL SERVICES,0.999988
ALTIS PROFESSIONAL SERVICES,ALTIS VANCOUVER,0.999988
ALTIS PROFESSIONAL RECRUITMENT EXCEL HUMAN RESOURCES,ALTIS PROFESSIONAL SERVICES,0.999989
ALTIS HUMAN RESOURCES VANCOUVER I,ALTIS PROFESSIONAL SERVICES,0.999988
ALTIS PROFESSIONAL SERVICES,IBI GROUP PROFESSIONAL SERVICES,0.680306
ALTIS PROFESSIONAL SERVICES,ARCADIS PROFESSIONAL SERVICES CANADA,0.626486
AVTECH,AVTECH,0.999975
BOMBARDIER PRODUITS RECREATIFS,BOMBARDIER RECREATIONAL PRODUCTS,0.999830
MCKESSON SPECIALIZED DISTRIBUTION,MCKESSON SPECIALTY PRESCRIPTION SERVICES,0.999984
AECOM CANADA WINNIPEG,AECOM CONSULTANTS,0.999983
NISH TECHNOLOGIE,NISHA TECHNOLOGIES,0.999989
NORR,NORR ARCHITECT PLANNERS,0.999950
NORR ARCHITECT PLANNERS,NORR ARCHITECTS ENGINEERS,0.999951
AMTEK,AMTEK ENGINEERING,0.999983
AMTEK,AMTEK ENGINEERING SERVICES LD,0.999983
SI SYSTEMS,WORLS FUELS,0.999282
PALADIN SECURITY SYSTEMS,SI SYSTEMS,0.864613
HEWLETT PACKARD CANADA,NTT DATA CANADA,0.528048
ITEX DBA TECHNOLOGY,ITEXTIG VIA SSC,0.999948
BUREAU VERITAS CANADA,BUREAU VERITAS CANADA,0.999983
ALTIS PROFESSIONAL RECRUITMENT,ALTIS PROFESSIONAL RECRUITMENT EXCEL HUMAN RESOURCES,0.999989
ALTIS HUMAN RESOURCES VANCOUVER I,ALTIS PROFESSIONAL RECRUITMENT EXCEL HUMAN RESOURCES,0.999989
ALTIS HUMAN RESSOUCES,ALTIS PROFESSIONAL RECRUITMENT EXCEL HUMAN RESOURCES,0.999989
ALTIS HUMAN RESOURCES OTTAWA EXCELHUMAN RESOURCES IN JOINT VENTURE,ALTIS PROFESSIONAL RECRUITMENT EXCEL HUMAN RESOURCES,0.999989
ALTIS PROFESSIONAL RECRUITMENT EXCEL HUMAN RESOURCES,ALTIS VANCOUVER,0.999988
ALTIS PROFESSIONAL RECRUITMENT EXCEL HUMAN RESOURCES,EXCEL,0.999982
ALTIS PROFESSIONAL RECRUITMENT EXCEL HUMAN RESOURCES,TELUS COLLABORATION SERVICES,0.545125
DISCOVERY AIR DEFENCE SERVICE,DISCOVERY AIR TECHNICAL SERVICES,0.999986
VWR INTERNATIONAL,VWR INTERNATIONAL,0.999983
TELECOM,TELECOM COMPUTERS,0.999310
GLOBAL UPHOLSETERY,GLOBAL UPHOLSTERY RD,0.999989
ERNST YOUNG GLOBAL,GLOBAL UPHOLSETERY,0.875309
AIRPORT FORD LINCOLN,VICTORY FORD LINCOLN SALES,0.999983
AIRPORT FORD LINCOLN,FORD MOTOR COMPANY CANADA,0.999972
SNC LAVALIN PROFAC,SNCLAVALIN MONTREAL,0.999979
ZANZIBAR HOLDINGS,ZANZIBAR HOLDINGS,0.999987
IRVING OIL COMMERCIAL GP,PETROLES IRVING,0.999974
ERNST YOUNG BILL KESSELS,ERNST YOUNG MONTREAL,0.999912
ERNST YOUNG MONTREAL,ERNST YOUNG TTTTTTTT,0.999963
L3 AVIATION PRODUCTS,L3 COMMUNICATIONS,0.999973
WEST HORIZON CONTRACTING,WEST HORIZON CONTRACTING,0.999966
DALIAN ENTERPRISES CORADIX TECHNOLOGY CONSULTING IN JOINT VENTURE,DALIAN ENTERPRISES CORADIX TECHNOLOGY CONSULTING IN JOINT VENTURE TEAM DALIAN,0.999953
DALIAN ENTERPRISES CORADIX,DALIAN ENTERPRISES CORADIX TECHNOLOGY CONSULTING IN JOINT VENTURE TEAM DALIAN,0.999970
ISL ENGINEERING LAND SERVICES,ISL ENGINEERING LAND SERVICES,0.999948
ADVANCED CHIPPEWA TECH,ADVANCED CHIPPEWAS,0.999987
R J G CONSTRUCTION,RJG CONSTRUCTION,0.998614
SYSCO SERCA ATLANTIC,SYSCO SERCA SERVICES ATLANTIC,0.999973
SYSCO SERCA SERVICES ATLANTIC,SYSCO SERTA,0.999945
SYSCO OTTAWA,SYSCO SERCA SERVICES ATLANTIC,0.999929
SYSCO FOOD SERVICES TORONTO,SYSCO SERCA SERVICES ATLANTIC,0.999973
R A MALATEST ASSOCIATES,RA MALATEST ASSOCIATES,0.999984
SAMSON ASSOCIATES CPA CONSULTING SERVICES,SAMSON ASSOCIES,0.999976
ROGERS ATT,SAMSON ASSOCIES,0.991294
CANADIAN CORPS COMISSIONAIRES,CANADIAN CORPS COMMISSIONIARES,0.999981
CANADIAN CORPS COMISSIONAIRES,COMMISSIONAIRE NOVA SCOTIA,0.999974
CANADIAN CORPS COMISSIONAIRES,COMMISSIONAIRES,0.999979
CANADIAN CORPS COMISSIONAIRES,CANADIAN CORPS COMMISSIONAIRES NORTHERN ALBERTA DIVISION,0.999983
CANADIAN CORPS COMISSIONAIRES,COMMISSIONAIRES OTTAWA COLONADE,0.999974
CANADIAN CORPS COMISSIONAIRES,COMMISSIONAIRES KINGSTON,0.999980
CANADIAN CORPS COMISSIONAIRES,HEWLETT PACKARD CANADA,0.969886
IMPERIAL OIL,IMPERIAL OIL,0.999982
IMPERIAL OIL,INPERIAL OIL,0.999969
IMPERIAL OIL,WORL FUEL SERVICES TRADING,0.999713
IMPERIAL OIL,WORLDD FUEL SERVICES CANADA,0.862067
IMPERIAL OIL,TECHSOL MARINE,0.700399
BAYSHORE HEALTHCARE,BAYSHORE HEALTHCARE,0.999987
RAYTHEON COMPANY,RAYTHEON SYSTEMS COMPANY,0.999983
KONICA MINOLTA BUSINESS,KONICA MINOLTA BUSINESS SOLUTIONS CANADA,0.999989
COMMISSIONAIRES,COMMISSIONAIRES KINGSTON,0.999985
COMMISSIONAIRES,COMMISSIONAIRES OTTAWA COLONADE,0.999986
COMMISSIONAIRE NOVA SCOTIA,COMMISSIONAIRES,0.999985
CANADIAN CORPS COMMISSIONIARES,COMMISSIONAIRES,0.999982
COMMISSIONAIRES,WORL FUEL SERVICES TRADING,0.997533
UNISOURCE TECH,UNISOURCE TECHNOLOGY UTI,0.999987
ALTIS HUMAN RESSOUCES,ALTIS PROFESSIONAL RECRUITMENT,0.999988
ALTIS HUMAN RESSOUCES,ALTIS VANCOUVER,0.999988
ALTIS HUMAN RESOURCES VANCOUVER I,ALTIS HUMAN RESSOUCES,0.999989
ALTIS HUMAN RESSOUCES,TELUS COLLABORATION SERVICES,0.695113
ALTIS HUMAN RESOURCES OTTAWA EXCELHUMAN RESOURCES IN JOINT VENTURE,ALTIS HUMAN RESSOUCES,0.999989
ALTIS HUMAN RESSOUCES,EXCEL,0.999985
BROADCOM,VALCOM CONSULTING GROUP,0.549616
MCELHANNEY CONSULTING SERVICES APRIL 20 2016,MCELHANNEY EDMONTON,0.999987
DELL CANADA RESELLER NISHA TECHNOLOGIES,NISHA TECHNOLOGIES,0.999986
PARKLAND OA COLUMBIA FUELS,UNIVERSITY BRITISH COLUMBIA,0.875564
PARKLAND OA COLUMBIA FUELS,UNIVERSITY BRITISH COLUMBIA OKANAGAN,0.993476
SAAB BOFORS DYNAMICS SWITZERLAND,SAAB MICROWAVE CANADA,0.999974
ACTUATE,GENERAL DYNAMICS C4SYSTEMS,0.570078
ALTIS HUMAN RESOURCES VANCOUVER I,ALTIS VANCOUVER,0.999988
ALTIS PROFESSIONAL RECRUITMENT,ALTIS VANCOUVER,0.999988
IBI GROUP ARCHITECTS CANADA MORIYAMA TESHIMA ARCHITECTS IN JOINT VENTURE,IBI GROUP PROFESSIONAL SERVICES,0.739885
IBI GROUP ARCHITECTS CANADA MORIYAMA TESHIMA ARCHITECTS IN JOINT VENTURE,IBI GROUP PROFESSIONAL SERVICES CANADA,0.849888
PWC CONSULTING,PWC MANAGEMENT SERVICES,0.999974
CANADIAN CORPS COMMISSIONAIRES NORTHERN ALBERTA DIVISION,CANADIAN CORPS COMMISSIONIARES,0.999982
CANADIAN CORPS COMMISSIONAIRES NORTHERN ALBERTA DIVISION,COMMISSIONAIRE NOVA SCOTIA,0.999983
CANADIAN CORPS COMMISSIONAIRES NORTHERN ALBERTA DIVISION,COMMISSIONAIRES OTTAWA COLONADE,0.999984
CANADIAN CORPS COMMISSIONAIRES NORTHERN ALBERTA DIVISION,COMMISSIONAIRES KINGSTON,0.999982
CANADIAN CORPS COMMISSIONAIRES NORTHERN ALBERTA DIVISION,COMMISSIONAIRES,0.999983
CANSEL,CANSEL SURVEY EQUIPMENT,0.999961
UNIVERSITY BRITISH COLUMBIA,UNIVERSITY BRITISH COLUMBIA UBC AVIAN RESEARCH CENTRE,0.999975
UNIVERSITY BRITISH COLUMBIA OKANAGAN,UNIVERSITY BRITISH COLUMBIA UBC AVIAN RESEARCH CENTRE,0.999976
INDUSTRA CONSTRUCTION,KENT BUILDING SUPPLIES,0.721716
HEWLETT PACKARD CANADA,KENT BUILDING SUPPLIES,0.985496
BARON SUPPLIES,KENT BUILDING SUPPLIES,0.898509
COMBAT NETWORKS,KENT BUILDING SUPPLIES,0.743502
WORL FUEL SERVICES TRADING,WORLDD FUEL SERVICES CANADA,0.999952
TECHSOL MARINE,WORL FUEL SERVICES TRADING,0.558155
INPERIAL OIL,WORL FUEL SERVICES TRADING,0.971382
LUMINA IT,WORL FUEL SERVICES TRADING,0.790177
KENT,WORL FUEL SERVICES TRADING,0.734048
LUMINAIT,WORL FUEL SERVICES TRADING,0.739999
COMMISSIONAIRES KINGSTON,WORL FUEL SERVICES TRADING,0.996601
ABBOTT LABORATORIES,ABBOTT LABORATORIES,0.999987
A DIVISION JD IRVING,IRVING EQUIPMENT,0.999717
CHANDLER DIV JD IRVING,IRVING EQUIPMENT,0.999609
IRVING EQUIPMENT,KENT,0.500722
TOROMONT ARCTIC,TOROMONT CAT POWER SYSTEMS,0.999983
TOROMONT CAT POWER SYSTEMS,TOROMONT MATERIAL HANDLING,0.999983
GRAHAM CONSTRUCTION,GRAHAM CONSTRUCTION REGINA,0.999939
GRAHAM CONSTRUCTION ENGINEERING,GRAHAM CONSTRUCTION REGINA,0.998950
CBCI TELECOMCOM,CBCI TELECOMSOLOTECH,0.999984
CBCI TELECOM A SOLOTECH COMPANY,CBCI TELECOMCOM,0.999980
CBCI SOLOTECH,CBCI TELECOMCOM,0.999978
DAIMLER MERCEDESBENZ VERTRIEB DEUTSCHLAND,LUMINA IT CBZ JOINT VENTURE,0.694220
AMTEK ENGINEERING,AMTEK ENGINEERING SERVICES LD,0.999985
ATKINSREALIS FORMERLY SNCLAVALIN,SNCLAVALIN MONTREAL,0.999981
ATKINSREALIS FORMERLY SNCLAVALIN,SNC LAVALIN,0.999804
ATKINSREALIS FORMERLY SNCLAVALIN,SNC LAVALIN PROFAC,0.999778
LOGISTIK UNICORP,UNISOURCE TECH,0.541195
TOROMONT ARCTIC,TOROMONT MATERIAL HANDLING,0.999984
L3 COMMUNICATIONS,L3 MAPPS,0.999981
L3 AVIATION PRODUCTS,L3 MAPPS,0.999973
PRICEWATERHOUSE COOPERS,PRICEWATERHOUSECOOPERS OWEN TAYLOR,0.999983
PRICE WATERHOUSE COOPER,PRICEWATERHOUSECOOPERS OWEN TAYLOR,0.999969
BELL CANADA TELEPHONE,BELL TELEPHONE COMPANY CANADA OR BELL CANADA COMPAGNIE TE,0.999976
DAIMLER MERCEDESBENZ VERTRIEB DEUTSCHLAND,HEWLETT PACKARD CANADA,0.945911
DAIMLER MERCEDESBENZ VERTRIEB DEUTSCHLAND,WORLS FUELS,0.561575
DAIMLER MERCEDESBENZ VERTRIEB DEUTSCHLAND,WORLD FUEL SERVICE,0.792177
DAIMLER MERCEDESBENZ VERTRIEB DEUTSCHLAND,WORLD FUEL SERVICES,0.817580
DAIMLER MERCEDESBENZ VERTRIEB DEUTSCHLAND,WORLDD FUEL SERVICES CANADA,0.631122
ARAMARK CANADA,ARAMARK CANADA,0.999987
COMPASS CANADA SUPPORT SERVICES,COMPASS GROUP CANADA,0.999982
EMERIONCOFOMO IN JOINT VENTURE,LUMINA IT,0.999974
COFOMO,EMERIONCOFOMO IN JOINT VENTURE,0.999966
COMMISSIONAIRES SECURITY SOLUTIONS,PALADIN SECURITY SYSTEMS,0.769299
COMBAT NETWORKS,PALADIN SECURITY SYSTEMS,0.622949
SIRVA CANADA,SIRVA CANADA,0.999847
GLOBAL UPHOLSTERY RD,WORLDD FUEL SERVICES CANADA,0.955117
GFL ENVIROMENTAL,GFL INVIRONMENTAL,0.999985
MICROSOFT,MICROSOFT CANADA,0.999976
MICROSOFT CANADA,MICROSOFT CANADA,0.999980
STEVE MARSHALL FORD LINCOLN,VICTORY FORD LINCOLN SALES,0.999926
FORD MOTOR CANADA,STEVE MARSHALL FORD LINCOLN,0.999708
FORD MOTOR COMPANY CANADA,STEVE MARSHALL FORD LINCOLN,0.999848
AIRPORT FORD LINCOLN,STEVE MARSHALL FORD LINCOLN,0.999961
TETRA TECH,TETRA TECH QB,0.999987
KPMG,KPMG VICTORIA,0.999977
ITNETOTTAWA KPMG IN JOINT VENTURE,KPMG VICTORIA,0.999921
A DIVISION JD IRVING,CHANDLER DIV JD IRVING,0.999839
TECKNION,TEKNION FURNITURES SYS,0.999984
ARCHITECTURE49,SMITH CARTER ARCHITECTS WINNIPEG,0.718386
CBCI SOLOTECH,SOLOTECH,0.999984
CBCI TELECOM A SOLOTECH COMPANY,SOLOTECH,0.999983
ANIXTER CANADA,ANIXTER CANADA,0.999981
ALTIS HUMAN RESOURCES,TELUS COLLABORATION SERVICES,0.764500
FORD MOTOR CANADA,VICTORY FORD LINCOLN SALES,0.999935
FORD MOTOR COMPANY CANADA,VICTORY FORD LINCOLN SALES,0.999953
PRICE WATERHOUSE COOPER,PRICEWATERHOUSE COOPERS,0.999988
NORR,NORR ARCHITECTS ENGINEERS,0.999919
HARNOIS,HARNOIS ENERGIE,0.999979
DALIAN ENTERPRISES CORADIX,DALIAN ENTERPRISES CORADIX TECHNOLOGY CONSULTING IN JOINT VENTURE,0.999976
DELL CANADA RESELLER NISHA TECHNOLOGIES,DELL COMPUTER,0.904573
DELL CANADA RESELLER NISHA TECHNOLOGIES,NISH TECHNOLOGIE,0.947486
CANADIAN CORPS COMMISSIONIARES,COMMISSIONAIRES OTTAWA COLONADE,0.999982
COMMISSIONAIRE NOVA SCOTIA,COMMISSIONAIRES OTTAWA COLONADE,0.999985
COMMISSIONAIRES KINGSTON,COMMISSIONAIRES OTTAWA COLONADE,0.999986
ERNST YOUNG BILL KESSELS,ERNST YOUNG TTTTTTTT,0.998946
GRAHAM CONSTRUCTION,GRAHAM CONSTRUCTION ENGINEERING,0.999948
ALTIS HUMAN RESOURCES VANCOUVER I,ALTIS PROFESSIONAL RECRUITMENT,0.999988
ALTIS HUMAN RESOURCES OTTAWA EXCELHUMAN RESOURCES IN JOINT VENTURE,ALTIS HUMAN RESOURCES VANCOUVER I,0.999989
CBCI TELECOM A SOLOTECH COMPANY,CBCI TELECOMSOLOTECH,0.999983
CBCI SOLOTECH,CBCI TELECOM A SOLOTECH COMPANY,0.999985
PROMAXIS SYSTEMS,PROMAXIX SYSTEMS,0.999983
CORD MOTOR COMPANY CANADA,FORD MOTOR CANADA,0.999175
NORTHROP GRUMMAN CANADA 2004,NORTHROP GRUMMAN CANADA 2004,0.999947
ASSOCIATED ENGINEERING BC,ASSOCIATED ENGINEERING BC APRIL 616,0.999983
ASSOCIATED ENGINEERING BC APRIL 616,ASSOCIATED ENGINEERING SASK,0.999980
SIERRA SYSTEMS GROUP,SIERRA SYSTEMS GROUP,0.999986
BLACK MCDONALD,BLACK MCDONALD,0.999985
BLACK MACDONALD,BLACK MCDONALD,0.999981
BLACK MCDONALD,MCDONNELL DOUGLAS,0.998355
BLACK MCDONALD,CARLETON UNIVERSITY,0.999267
GE CANADA,GENERAL ELECTRIC CANADA,0.618888
ECLIPSYS SOLUTIONS,ECLIPSYS SOLUTIONS,0.999982
ECLIPSYS SOLUTIONS,HEWLETT PACKARD CANADA,0.893129
COMPUCOM CANADA,COMPUCON COM,0.821151
ADRM TECH,ADRM TECHNOLOGY CONSULTING GROUP ANTIAN PROFESSIONAL SERVICES,0.999984
COMBAT NETWORKS,KENT,0.569297
COMBAT NETWORKS,CORCAN,0.835722
ERNST YOUNG BILL KESSELS,ERNST YOUNG GLOBAL,0.999438
SYSCO OTTAWA,SYSCO SERCA ATLANTIC,0.999945
SYSCO FOOD SERVICES TORONTO,SYSCO OTTAWA,0.999985
SYSCO OTTAWA,SYSCO SERTA,0.999978
INSTITUTE CANADA,INSTITUTE CANADA,0.999959
CBCI SOLOTECH,CBCI TELECOMSOLOTECH,0.999982
IBM CANADA,IBM CANADA,0.999983
ALTIS HUMAN RESOURCES OTTAWA EXCELHUMAN RESOURCES IN JOINT VENTURE,ALTIS PROFESSIONAL RECRUITMENT,0.999988
ALTIS HUMAN RESOURCES OTTAWA EXCELHUMAN RESOURCES IN JOINT VENTURE,ALTIS PROFESSIONAL SERVICES,0.999987
ALTIS HUMAN RESOURCES OTTAWA EXCELHUMAN RESOURCES IN JOINT VENTURE,ALTIS VANCOUVER,0.999984
UNIVERSITY BRITISH COLUMBIA,UNIVERSITY BRITISH COLUMBIA,0.999927
UNIVERSITY BRITISH COLUMBIA,UNIVERSITY BRITISH COLUMBIA OKANAGAN,0.999978
HEWLETT PACKARD CANADA,HOFFMANN ROCHE,0.901341
CANADIAN CORPS COMMISSIONIARES,COMMISSIONAIRE NOVA SCOTIA,0.999981
COMMISSIONAIRE NOVA SCOTIA,COMMISSIONAIRES KINGSTON,0.999985
ITNET OTTAWA,ITNETOTTAWA KPMG IN JOINT VENTURE,0.999882
ITNETOTTAWA KPMG IN JOINT VENTURE,KPMG,0.999941
IT NET,ITNETOTTAWA KPMG IN JOINT VENTURE,0.999952
CANADIAN CORPS COMMISSIONIARES,COMMISSIONAIRES KINGSTON,0.999981
COMMISSIONAIRES KINGSTON,SI SYSTEMS,0.593908
SIMEX DEFENCE,TES CONTRACT SERVICES,0.690924
SYSCO SERCA ATLANTIC,SYSCO SERTA,0.999945
SYSCO FOOD SERVICES TORONTO,SYSCO SERCA ATLANTIC,0.999967
SIMEX DEFENCE,WORLS FUELS,0.536658
STRATEGIC NATURAL RESOURCE CONSULTA,STRATEGIC NATURAL RESOURCE CONSULTANTS KFC CFC,0.999989
ENGLOBE,ENGLOBE,0.999987
COMPUTACENTER CANADA 445245,COMPUTACENTER TERAMACH,0.999917
ROGERS WIRELESS,SKYLINK AVIATION,0.927608
CANADIAN CORPS COMMISSIONIARES,HEWLETT PACKARD CANADA,0.941660
THERMO ELECTRON CALGARY,THERMO FISHER SCIENTIFIC MISSISSAUG,0.999987
HEWLETT PACKARD CANADA,THERMO FISHER SCIENTIFIC MISSISSAUG,0.975781
POMERLEAU BESSAC INFRASTRUCTURE,POMERLEAU TORONTO,0.999975
ERNST YOUNG GLOBAL,GLOBAL UPHOLSTERY RD,0.961452
GLOBAL UPHOLSTERY RD,HEWLETT PACKARD CANADA,0.852367
INPERIAL OIL,TECHSOL MARINE,0.999897
INPERIAL OIL,PETROLES IRVING,0.606341
ASSOCIATED ENGINEERING BC,ASSOCIATED ENGINEERING SASK,0.999982
PWC MANAGEMENT SERVICES,ROGERS WIRELESS,0.542742
HEWLETT PACKARD CANADA,IMPERIAL OIL,0.976962
POMERLEAU,POMERLEAU TORONTO,0.999981
SYSCO FOOD SERVICES TORONTO,SYSCO SERTA,0.999979
