name1,name2,score,false_positive
CANADIAN HELICOPTER,CANADIAN HELICOPTERS EASTERN DIVISION,0.999980,0
HOFFMANN ROCHE,ROCHE DIAGNOSTICE,0.997614,0
WEATHERHAVEN,WEATHERHAVEN CANADA RESOURCES,0.999984,0
TELFER SCHOOL MANAGEMENT UNIVERSITY OTTAWA,UNIVERSITY OTTAWA,0.999975,0
HEWLETT PACKARD CANADA,UNIVERSITY OTTAWA,0.533477,1
IMPERIAL OIL,IMPERIAL OIL ESSO,0.999982,0
IMPERIAL OIL ESSO,INPERIAL OIL,0.999972,0
IMPERIAL OIL ESSO,IMPERIAL OIL PRODUCTS AD CHEMICALS DIVISION,0.999983,0
IMPERIAL OIL ESSO,WORLS FUELS,0.986251,1
IMPERIAL OIL ESSO,WORL FUEL SERVICES TRADING,0.999714,1
IMPERIAL OIL ESSO,WORLD FUEL SERVICE,0.894005,1
IMPERIAL OIL ESSO,WORLD FUEL SERVICES,0.909461,1
IMPERIAL OIL ESSO,TECHSOL MARINE,0.992647,1
IMPERIAL OIL ESSO,WORLDD FUEL SERVICES CANADA,0.927217,1
IMPERIAL OIL ESSO,WORLD FUEL SERVICES CANADA,0.921373,1
BARON SUPPLIES,SHELL CANADA PRODUCTS,0.581979,1
ATS SCIENTIFIC,ATS SCIENTIFIC,0.999977,0
ADVANCED BUSINESS INTERIORS,ADVANCED BUSINESS INTERIORS,0.999971,0
ABIADVANCED BUSINESS INTERIORS,ADVANCED BUSINESS INTERIORS,0.999962,0
ABI ADVANCED BUSINESS INTERIORS,ADVANCED BUSINESS INTERIORS,0.999975,0
ADVANCED BUSINESS INTERIORS,PROMAXIX SYSTEMS,0.812831,1
ADVANCED BUSINESS INTERIORS,CORPORATE EXPRESS CANADA,0.545132,1
ADVANCED BUSINESS INTERIORS,ADVANCED CHIPPEWAS,0.610466,1
PARKLAND COLUMBIA FUELS,PARKLAND OA COLUMBIA FUELS,0.999970,0
COLUMBIA FUELS OA PARKLAND FUELS,PARKLAND COLUMBIA FUELS,0.999978,0
PARKLAND COLUMBIA FUELS,UNIVERSITY BRITISH COLUMBIA,0.941481,1
PARKLAND COLUMBIA FUELS,UNIVERSITY BRITISH COLUMBIA OKANAGAN,0.997372,1
WESCO DISTRIBUTION,WESCO DISTRIBUTION CANADA,0.999988,0
WESCO DISTRIBUTION CANADA,WESCO DISTRIBUTION CANADA,0.999987,0
PCL CONSTRUCTION MANAGEMENT,PCL CONSTRUCTORS WESTCOAST,0.999964,0
ALTIS HUMAN RESOURCES OTTAWA EXCELHUMAN RESOURCES IN JOINT VENTURE,JOINT VENTURE ALTIS EXCEL HUMAN RESOURCES,0.999989,0
ALTIS PROFESSIONAL RECRUITMENT EXCEL HUMAN RESOURCES,JOINT VENTURE ALTIS EXCEL HUMAN RESOURCES,0.999990,0
ALTIS HUMAN RESOURCES,JOINT VENTURE ALTIS EXCEL HUMAN RESOURCES,0.999989,0
EXCEL HUMAN RESOURCE,JOINT VENTURE ALTIS EXCEL HUMAN RESOURCES,0.999989,0
ALTIS PROFESSIONAL RECRUITMENT,JOINT VENTURE ALTIS EXCEL HUMAN RESOURCES,0.999990,0
ALTIS RECRUITMENT,JOINT VENTURE ALTIS EXCEL HUMAN RESOURCES,0.999989,0
ALTIS HUMAN RESOURCES NORTH YORK,JOINT VENTURE ALTIS EXCEL HUMAN RESOURCES,0.999989,0
ALTIS HUMAN RESOURCES VANCOUVER I,JOINT VENTURE ALTIS EXCEL HUMAN RESOURCES,0.999989,0
ALTIS HUMAN RESOURCES OTTAWA,JOINT VENTURE ALTIS EXCEL HUMAN RESOURCES,0.999989,0
ALTIS PROFESSIONAL SERVICES,JOINT VENTURE ALTIS EXCEL HUMAN RESOURCES,0.999989,0
ALTIS HUMAN RESSOUCES,JOINT VENTURE ALTIS EXCEL HUMAN RESOURCES,0.999989,0
ALTIS RECRUITMENT TECHNOLOGY IN,JOINT VENTURE ALTIS EXCEL HUMAN RESOURCES,0.999990,0
ALTIS VANCOUVER,JOINT VENTURE ALTIS EXCEL HUMAN RESOURCES,0.999989,0
EXCEL HUMAN RESOURCES OPERATING AS EXCELITR,JOINT VENTURE ALTIS EXCEL HUMAN RESOURCES,0.999989,0
EXCEL,JOINT VENTURE ALTIS EXCEL HUMAN RESOURCES,0.999987,0
JOINT VENTURE ALTIS EXCEL HUMAN RESOURCES,TELUS COLLABORATION SERVICES,0.558637,1
HOSKIN SCIENTIFIC,HOSKIN SCIENTIFIC,0.999988,0
HONEYWELL,HONEYWELL BUILDING SOLUTIONS,0.999988,0
HONEYWELL BUILDING SOLUTIONS,HONEYWELL HONEYWELL,0.999988,0
EMS TECHNOLOGIES CANADA HONEYWELL,HONEYWELL BUILDING SOLUTIONS,0.999986,0
MCELHANNEY,MCELHANNEY ASSOCIATES LAND,0.999988,0
MCELHANNEY ASSOCIATES LAND,MCELHANNEY CONSULTING SERVICES,0.999987,0
MCELHANNEY ASSOCIATES LAND,MCELHINNEY HOLDINGS,0.999960,0
MCELHANNEY ASSOCIATES LAND,MCELHANNEY EDMONTON,0.999987,0
MCELHANNEY ASSOCIATES LAND,MCELHANNEY CONSULTING SERVICES APRIL 20 2016,0.999987,0
ORACLE,ORACLE CANADA,0.999983,0
ORACLE,ORACLE CORPORATIONS CANADA,0.999977,0
GRAND TOY,GRAND TOY,0.999987,0
FELIX TECHNOLOGY,FELIX TECHNOLOGY,0.999985,0
SOFTCHOICE,SOFTCHOICE,0.999979,0
FISHER SCIENTIFIC,FISHER SCIENTIFIC COMPANY,0.999985,0
FISHER SCIENTIFIC COMPANY,THERMO FISHER SCIENTIFIC,0.999982,0
FISHER SCIENTIFIC COMPANY,THERMO FISHER SCIENTIFIC MISSISSAUG,0.999983,0
FISHER SCIENTIFIC COMPANY,HEWLETT PACKARD CANADA,0.900850,1
TELUS COLLABORATION SERVICES,TELUS HEALTH,0.999986,0
TELUS COLLABORATION SERVICES,TELUS COMMUNICATIONS,0.999985,0
TELUS COLLABORATION SERVICES,TELUS COMMUNICATIONS COMPANY,0.999984,0
GROUPE SANTE MEDISYS,TELUS COLLABORATION SERVICES,0.788191,0
ALTIS PROFESSIONAL SERVICES,TELUS COLLABORATION SERVICES,0.975621,1
ALTIS HUMAN RESOURCES,ALTIS HUMAN RESOURCES NORTH YORK,0.999989,0
ALTIS HUMAN RESOURCES NORTH YORK,ALTIS HUMAN RESOURCES OTTAWA,0.999989,0
ALTIS HUMAN RESOURCES NORTH YORK,ALTIS HUMAN RESOURCES VANCOUVER I,0.999989,0
ALTIS HUMAN RESOURCES NORTH YORK,ALTIS PROFESSIONAL RECRUITMENT EXCEL HUMAN RESOURCES,0.999989,0
ALTIS HUMAN RESOURCES NORTH YORK,ALTIS PROFESSIONAL RECRUITMENT,0.999988,0
ALTIS HUMAN RESOURCES NORTH YORK,ALTIS PROFESSIONAL SERVICES,0.999989,0
ALTIS HUMAN RESOURCES NORTH YORK,ALTIS RECRUITMENT,0.999989,0
ALTIS HUMAN RESOURCES NORTH YORK,ALTIS HUMAN RESSOUCES,0.999990,0
ALTIS HUMAN RESOURCES NORTH YORK,ALTIS VANCOUVER,0.999988,0
ALTIS HUMAN RESOURCES NORTH YORK,ALTIS RECRUITMENT TECHNOLOGY IN,0.999989,0
ALTIS HUMAN RESOURCES NORTH YORK,ALTIS HUMAN RESOURCES OTTAWA EXCELHUMAN RESOURCES IN JOINT VENTURE,0.999990,0
ALTIS HUMAN RESOURCES NORTH YORK,EXCEL HUMAN RESOURCE,0.999990,0
ALTIS HUMAN RESOURCES NORTH YORK,EXCEL HUMAN RESOURCES OPERATING AS EXCELITR,0.999989,0
JHT DEFENCE,JHT DEFENSE,0.999986,0
JHT DEFENCE,JHT DEFENSE INCEC,0.999985,0
CANON CANADA,HEWLETT PACKARD CANADA,0.914920,1
COLLIERS PROJECT LEADERS,COLLIERS PROJECT LEADERS,0.999987,0
WSP CANADA,WSP CANADA,0.999987,0
WSP CANADA,WSP EI CANADA,0.999985,0
WSP CANADA,WSP CANADA GROUP,0.999986,0
LUMINA IT,LUMINAIT,0.999897,0
LUMINA IT,LUMINA IT,0.999961,0
LUMINA IT,LUMINA IT CBZ JOINT VENTURE,0.999961,0
WARTSILA CANADA,WARTSILA CANADA,0.999986,0
WARTSILA CANADA,WARTSILA NORTH AMERICA,0.999983,0
CAMPBELL SCIENTIFIC CANADA,CAMPBELL SCIENTIFIC CANADA,0.999983,0
STANTEC CONSULTING OTTAWA,STANTEC CONSULTING WINNIPEG,0.999986,0
STANTEC CONSULTING DARTMOUTH,STANTEC CONSULTING WINNIPEG,0.999986,0
STANTEC CONSULTING,STANTEC CONSULTING WINNIPEG,0.999986,0
STANTEC CONSULTING SCL,STANTEC CONSULTING WINNIPEG,0.999986,0
STANTEC CONSULTING WINNIPEG,STANTEC EXPERT CONSEILS,0.999987,0
STANTEC CONSULTING WINNIPEG,STANTEC EXPERTSCONSEILS,0.999986,0
STANTEC ARCHITECTURE,STANTEC CONSULTING WINNIPEG,0.999987,0
BELL CANADA,BELL CDA,0.999972,0
BELL CANADA TELEPHONE,BELL CDA,0.999971,0
BELL CDA,BELL TELEPHONE COMPANY CANADA OR BELL CANADA COMPAGNIE TE,0.999966,0
UNISOURCE TECHNOLOGY,UNISOURCE TECHNOLOGY,0.999988,0
UNISOURCE TECHNOLOGY,UNISOURCE TECHNOLOGY UTI,0.999988,0
UNISOURCE TECH,UNISOURCE TECHNOLOGY,0.999988,0
BLUMETRIC ENVIRONMENTAL,BLUMETRIC ENVIRONMENTAL,0.999987,0
BLUMETRIC ENVIRONMENTAL,LOGISTIC UNICORP,0.689772,1
MAC EWEN PETROLEUM,MACEWEN PETROLEUM,0.999641,0
MAC EWEN PETROLEUM,MACEWEN,0.955498,0
ERNST YOUNG EY,ERNST YOUNG GLOBAL,0.999967,0
ERNST YOUNG EY,ERNST YOUNG MONTREAL,0.999965,0
ERNST YOUNG EY,ERNST YOUNG TTTTTTTT,0.999943,0
ERNST YOUNG BILL KESSELS,ERNST YOUNG EY,0.999786,0
ALTIS HUMAN RESOURCES,ALTIS HUMAN RESOURCES,0.999989,0
ALTIS HUMAN RESOURCES,ALTIS HUMAN RESOURCES OTTAWA,0.999989,0
ALTIS HUMAN RESOURCES,ALTIS HUMAN RESOURCES VANCOUVER I,0.999989,0
ALTIS HUMAN RESOURCES,ALTIS PROFESSIONAL RECRUITMENT EXCEL HUMAN RESOURCES,0.999989,0
ALTIS HUMAN RESOURCES,ALTIS PROFESSIONAL SERVICES,0.999989,0
ALTIS HUMAN RESOURCES,ALTIS PROFESSIONAL RECRUITMENT,0.999989,0
ALTIS HUMAN RESOURCES,ALTIS HUMAN RESSOUCES,0.999989,0
ALTIS HUMAN RESOURCES,ALTIS RECRUITMENT,0.999989,0
ALTIS HUMAN RESOURCES,ALTIS VANCOUVER,0.999989,0
ALTIS HUMAN RESOURCES,ALTIS RECRUITMENT TECHNOLOGY IN,0.999989,0
ALTIS HUMAN RESOURCES,EXCEL HUMAN RESOURCE,0.999990,0
ALTIS HUMAN RESOURCES,ALTIS HUMAN RESOURCES OTTAWA EXCELHUMAN RESOURCES IN JOINT VENTURE,0.999989,0
ALTIS HUMAN RESOURCES,EXCEL HUMAN RESOURCES OPERATING AS EXCELITR,0.999990,0
ALTIS HUMAN RESOURCES,TELUS COMMUNICATIONS,0.801533,1
ALTIS HUMAN RESOURCES,TELUS HEALTH,0.975793,1
VERITAAQ TECHNOLOGY HOUSE,VERITAAQ TECHNOLOGY HOUSE,0.999984,0
EXPERIS VERITAAQ,VERITAAQ TECHNOLOGY HOUSE,0.999937,0
SERCO CANADA MARINE,SERCO CANADA MARINE,0.999972,0
SOLOTECH,SOLOTECH QUABEC,0.999986,0
CBCI SOLOTECH,SOLOTECH QUABEC,0.999985,0
SOLOTECH QUABEC,SOLOTECH QUEBEC,0.999986,0
CBCI TELECOM A SOLOTECH COMPANY,SOLOTECH QUABEC,0.999983,0
STANTEC CONSULTING,STANTEC CONSULTING DARTMOUTH,0.999986,0
STANTEC CONSULTING DARTMOUTH,STANTEC CONSULTING SCL,0.999986,0
STANTEC CONSULTING DARTMOUTH,STANTEC CONSULTING OTTAWA,0.999986,0
STANTEC CONSULTING DARTMOUTH,STANTEC EXPERT CONSEILS,0.999985,0
STANTEC CONSULTING DARTMOUTH,STANTEC EXPERTSCONSEILS,0.999985,0
STANTEC ARCHITECTURE,STANTEC CONSULTING DARTMOUTH,0.999986,0
BLUEWAVE,BLUEWAVE ENERGY,0.999985,0
EMERION,EMERION,0.999980,0
EMERION,EMERIONCOFOMO IN JOINT VENTURE,0.999982,0
L3 COMMUNICATIONS ELECTRONIC SYSTEM SERVICES,L3 COMMUNICATIONS EOIR,0.999979,0
L3 AVIATION PRODUCTS,L3 COMMUNICATIONS EOIR,0.999976,0
L3 COMMUNICATIONS,L3 COMMUNICATIONS EOIR,0.999980,0
L3 COMMUNICATIONS ELECTRONIC SYSTEMS,L3 COMMUNICATIONS EOIR,0.999980,0
RF BINNIE,RF BINNIE ASSOCIATES,0.999979,0
VALCOM CONSULTING GROUP,VALCOM CONSULTING GROUP,0.999964,0
VALCOM CONSULTING,VALCOM CONSULTING GROUP,0.999919,0
SAMSON ASSOCIATES,SAMSON ASSOCIATES CPA CONSULTING SERVICES,0.999979,0
SAMSON ASSOCIATES,SAMSON ASSOCIES,0.999979,0
SAMSON ASSOCIATES,SAMSON ASSOCIATES CPA CONSULTATION,0.999979,0
SAMSON ASSOCIATES,SAMSON ASSOCIES CPACONSULTATION,0.999978,0
ROGERS ATT,SAMSON ASSOCIATES,0.999412,1
HONEYWELL,HONEYWELL HONEYWELL,0.999988,0
EMS TECHNOLOGIES CANADA HONEYWELL,HONEYWELL,0.999987,0
HONEYWELL,HONEYWELL,0.999988,0
MCELHANNEY,MCELHANNEY CONSULTING SERVICES,0.999988,0
MCELHANNEY CONSULTING SERVICES,MCELHANNEY CONSULTING SERVICES,0.999988,0
MCELHANNEY CONSULTING SERVICES,MCELHINNEY HOLDINGS,0.999941,0
MCELHANNEY CONSULTING SERVICES,MCELHANNEY EDMONTON,0.999988,0
MCELHANNEY CONSULTING SERVICES,MCELHANNEY CONSULTING SERVICES APRIL 20 2016,0.999988,0
GROUPE SANTE MEDISYS,TELUS HEALTH,0.991205,0
UNITED RENTAL CANADA,UNITED RENTALS CANADA,0.999979,0
UNITED RENTALS CANADA,UNITED RENTALS CANADA,0.999985,0
HEWLETT PACKARD CANADA,UNITED RENTALS CANADA,0.775592,1
ENMAX,ENMAX ENERGY,0.999985,0
DELL CANADA,DELLCANADA,0.999937,0
DELL CANADA,DELL COMPUTER,0.999950,0
DELL CANADA,DELL CANADA,0.999962,0
WORL FUEL SERVICES TRADING,WORLS FUELS,0.999956,0
WORLD FUEL SERVICES,WORLS FUELS,0.997845,0
WORLD FUEL SERVICE,WORLS FUELS,0.997862,0
WORLDD FUEL SERVICES CANADA,WORLS FUELS,0.997281,0
AFS AVIATION FUEL SERVICES,WORLS FUELS,0.636924,1
WORLD FUEL SERVICES CANADA,WORLS FUELS,0.996099,0
WORLD FUEL FLIGHT SERVICES,WORLS FUELS,0.995928,0
INPERIAL OIL,WORLS FUELS,0.909807,1
IMPERIAL OIL,WORLS FUELS,0.961066,1
TECHSOL MARINE,WORLS FUELS,0.699505,1
LUMINA IT,WORLS FUELS,0.824954,1
CORCAN,WORLS FUELS,0.969389,1
PAL AEROSPACE,WORLS FUELS,0.946302,1
LUMINAIT,WORLS FUELS,0.608316,1
KENT,WORLS FUELS,0.899561,1
EFR ENVIRONMENTAL,WORLS FUELS,0.835269,1
1025178RANDSTAD INTERIM,WORLS FUELS,0.815342,1
GLOBAL UPHOLSTERY RD,WORLS FUELS,0.664982,1
GLOBAL UPHOLSTERY,WORLS FUELS,0.827654,1
SMITH CARTER ARCHITECTS OTTAWA,SMITH CARTER JV BRADLEY SHUYA ARCHITECTS,0.999952,0
SMITH CARTER ARCHITECTS WINNIPEG,SMITH CARTER JV BRADLEY SHUYA ARCHITECTS,0.999945,0
COMMISSIONAIRES,COMMISSIONAIRES SECURITY SOLUTIONS,0.999984,0
COMMISSIONAIRES SECURITY SOLUTIONS,CORPS COMMISSIONAIRES,0.999984,0
CANADIAN COMMISSIONAIRES,COMMISSIONAIRES SECURITY SOLUTIONS,0.999985,0
COMMISSIONAIRES KINGSTON,COMMISSIONAIRES SECURITY SOLUTIONS,0.999985,0
CANCORPS COMMISSIONAIRES,COMMISSIONAIRES SECURITY SOLUTIONS,0.999986,0
COMMISIONAIRES SASKATCHEWAN,COMMISSIONAIRES SECURITY SOLUTIONS,0.999956,0
CANADIAN CORPS COMMISSIONIARES,COMMISSIONAIRES SECURITY SOLUTIONS,0.999980,0
COMMISSIONAIRE NOVA SCOTIA,COMMISSIONAIRES SECURITY SOLUTIONS,0.999985,0
CANADIAN CORPS COMISSIONAIRES,COMMISSIONAIRES SECURITY SOLUTIONS,0.999973,0
COMMISSIONAIRES OTTAWA COLONADE,COMMISSIONAIRES SECURITY SOLUTIONS,0.999985,0
COMMISSIONAIRES SECURITY SOLUTIONS,COMMISSISONAIRES OTTAWA,0.999931,0
COMMISSIONAIRES SECURITY SOLUTIONS,MONERIS SOLUTIONS,0.999040,1
COMMISSIONAIRES SECURITY SOLUTIONS,WORL FUEL SERVICES TRADING,0.867549,1
COMMISSIONAIRES SECURITY SOLUTIONS,PALADIN SECURITY GROUP,0.623624,1
BOEING COMPANY,BOEING DISTRIBUTION CANADA,0.999962,0
SIMEX DEFENCE,SIMEX DEFENSE,0.999985,0
SIMEX DEFENCE,SIMEX DEFENCE IN,0.999982,0
SIMEX DEFENCE,SIMEX DEFENCE,0.999984,0
SIMEX DEFENCE,SIMEX EQUIPMENT,0.999984,0
CARLETON UNIVERSITY,CARLETON UNIVERSITY SCHOOL BUSINESS,0.999969,0
SAMSON ASSOCIES,SAMSON ASSOCIES CPACONSULTATION,0.999983,0
SAMSON ASSOCIATES CPA CONSULTING SERVICES,SAMSON ASSOCIES CPACONSULTATION,0.999976,0
SAMSON ASSOCIATES CPA CONSULTATION,SAMSON ASSOCIES CPACONSULTATION,0.999978,0
L3 COMMUNICATIONS ELECTRONIC SYSTEM SERVICES,L3 COMMUNICATIONS ELECTRONIC SYSTEMS,0.999984,0
L3 COMMUNICATIONS,L3 COMMUNICATIONS ELECTRONIC SYSTEM SERVICES,0.999983,0
L3 AVIATION PRODUCTS,L3 COMMUNICATIONS ELECTRONIC SYSTEM SERVICES,0.999971,0
L3 COMMUNICATIONS ELECTRONIC SYSTEM SERVICES,L3 MAPPS,0.999977,0
KONICA MINOLTA BUSINESS SOLUTIONS CANADA,MINOLTA BUSINESS EQUIPMENT CANADA,0.999988,0
KONICA MINOLTA BUSINESS,MINOLTA BUSINESS EQUIPMENT CANADA,0.999989,0
DU FORT STJEAN,FORT STJEAN,0.997838,0
COSSETTE COMMUNICATION,COSSETTE COMMUNICATION,0.999972,0
TENAQUIP,TENAQUIP,0.999987,0
AIRPORT FORD LINCOLN,RIVERVIEW FORD LINCOLN,0.999984,0
RIVERVIEW FORD LINCOLN,VICTORY FORD LINCOLN SALES,0.999980,0
FORD MOTOR CANADA,RIVERVIEW FORD LINCOLN,0.999938,0
FORD MOTOR COMPANY CANADA,RIVERVIEW FORD LINCOLN,0.999956,0
RIVERVIEW FORD LINCOLN,STEVE MARSHALL FORD LINCOLN,0.999949,0
SENES CONSULTANTS,SENES CONSULTANTS,0.999945,0
ADRM TECHNOLOGY CONSULTING,ADRM TECHNOLOGY CONSULTING GROUP,0.999986,0
ADRM TECHNOLOGY CONSULTING,ADRM TECHNOLOGY CONSULTING GROUP ANTIAN PROFESSIONAL SERVICES,0.999985,0
ADRM TECH,ADRM TECHNOLOGY CONSULTING,0.999986,0
SHELL CANADA PRODUCTS,SHELLCANADA PRODUCTS,0.999982,0
SHELL,SHELL CANADA PRODUCTS,0.999975,0
SHELL BRASIL,SHELL CANADA PRODUCTS,0.999979,0
SHELL AVIAITON,SHELL CANADA PRODUCTS,0.999979,0
ABI ADVANCED BUSINESS INTERIORS,ABIADVANCED BUSINESS INTERIORS,0.999961,0
STANTEC EXPERT CONSEILS,STANTEC EXPERTSCONSEILS,0.999986,0
STANTEC CONSULTING,STANTEC EXPERTSCONSEILS,0.999986,0
STANTEC CONSULTING SCL,STANTEC EXPERTSCONSEILS,0.999986,0
STANTEC ARCHITECTURE,STANTEC EXPERTSCONSEILS,0.999986,0
STANTEC CONSULTING OTTAWA,STANTEC EXPERTSCONSEILS,0.999986,0
CARVERYS,CARVERYS CONSTRUCTION,0.999987,0
ARCADIS CANADA,ARCADIS CANADA,0.999979,0
ARCADIS CANADA,ARCADIS PROFESSIONAL SERVICES CANADA,0.999979,0
AGILENT TECHNOLOGIES,AGILENT TECHNOLOGIES CANADA,0.999984,0
AGILENT TECHNOLOGIES CANADA,AGILENT TECHNOLOGIES CANADA,0.999983,0
COMMISSIONAIRE NOVA SCOTIA,COMMISSIONAIRES MANITOBA,0.999985,0
CANADIAN CORPS COMMISSIONAIRES NORTHERN ALBERTA DIVISION,COMMISSIONAIRES MANITOBA,0.999984,0
COMMISIONAIRES SASKATCHEWAN,COMMISSIONAIRES MANITOBA,0.999977,0
COMMISSIONAIRES KINGSTON,COMMISSIONAIRES MANITOBA,0.999986,0
CANADIAN COMMISSIONAIRES,COMMISSIONAIRES MANITOBA,0.999985,0
CANADIAN CORPS COMMISSIONAIRES,COMMISSIONAIRES MANITOBA,0.999983,0
COMMISSIONAIRES MANITOBA,COMMISSIONAIRES OTTAWA COLONADE,0.999986,0
COMMISSIONAIRES,COMMISSIONAIRES MANITOBA,0.999985,0
CANADIAN CORPS COMMISSIONIARES,COMMISSIONAIRES MANITOBA,0.999982,0
CANADIAN CORPS COMMISSIONAIRES NEWFOUNDLAND,COMMISSIONAIRES MANITOBA,0.999985,0
CANADIAN CORPS COMISSIONAIRES,COMMISSIONAIRES MANITOBA,0.999974,0
COMMISSIONAIRES MANITOBA,COMMISSISONAIRES OTTAWA,0.999932,0
COMMISSIONAIRES MANITOBA,CORPS COMMISSIONAIRES,0.999984,0
CANCORPS COMMISSIONAIRES,COMMISSIONAIRES MANITOBA,0.999986,0
COMMISSIONAIRES MANITOBA,COMMISSIONAIRES SECURITY SOLUTIONS,0.999985,0
CANADIAN CORPS COMMISSIONAIRES NORTHERN ALBERTA DIVISION,CANADIAN CORPS COMMISSIONNAIRES NORTHERN ALBERTA NATIONAL MONITORING,0.999985,0
CANADIAN CORPS COMMISSIONIARES,CANADIAN CORPS COMMISSIONNAIRES NORTHERN ALBERTA NATIONAL MONITORING,0.999983,0
CANADIAN CORPS COMISSIONAIRES,CANADIAN CORPS COMMISSIONNAIRES NORTHERN ALBERTA NATIONAL MONITORING,0.999980,0
CANADIAN CORPS COMMISSIONNAIRES NORTHERN ALBERTA NATIONAL MONITORING,CANADIAN CORPSCOMMISSIONNAIRES,0.999982,0
CANADIAN COMMISSIONAIRES,CANADIAN CORPS COMMISSIONNAIRES NORTHERN ALBERTA NATIONAL MONITORING,0.999984,0
CANADIAN CORPS COMMISSIONAIRES,CANADIAN CORPS COMMISSIONNAIRES NORTHERN ALBERTA NATIONAL MONITORING,0.999983,0
CANADIAN CORPS COMMISSIONAIRES NEWFOUNDLAND,CANADIAN CORPS COMMISSIONNAIRES NORTHERN ALBERTA NATIONAL MONITORING,0.999984,0
CANADIAN CORPS COMMISSIONNAIRES NORTHERN ALBERTA NATIONAL MONITORING,COMMISSIONAIRE NOVA SCOTIA,0.999981,0
CANADIAN CORPS COMMISSIONNAIRES NORTHERN ALBERTA NATIONAL MONITORING,CORPS COMMISSIONAIRES,0.999983,0
CANADIAN CORPS COMMISSIONNAIRES NORTHERN ALBERTA NATIONAL MONITORING,COMMISIONAIRES SASKATCHEWAN,0.998903,0
CANADIAN CORPS COMMISSIONNAIRES NORTHERN ALBERTA NATIONAL MONITORING,COMMISSIONAIRES OTTAWA COLONADE,0.999982,0
CANADIAN CORPS COMMISSIONNAIRES NORTHERN ALBERTA NATIONAL MONITORING,UNIVERSITY ALBERTA CAMPUS SAINT JEAN,0.792327,1
CANADIAN CORPS COMMISSIONNAIRES NORTHERN ALBERTA NATIONAL MONITORING,COMMISSIONAIRES KINGSTON,0.999982,0
CANADIAN CORPS COMMISSIONNAIRES NORTHERN ALBERTA NATIONAL MONITORING,COMMISSIONAIRES MANITOBA,0.999982,0
CANADIAN CORPS COMMISSIONNAIRES NORTHERN ALBERTA NATIONAL MONITORING,COMMISSIONAIRES,0.999983,0
CANADIAN CORPS COMMISSIONNAIRES NORTHERN ALBERTA NATIONAL MONITORING,COMMISSISONAIRES OTTAWA,0.998202,0
CANADIAN CORPS COMMISSIONNAIRES NORTHERN ALBERTA NATIONAL MONITORING,WORLD FUEL SERVICES CANADA,0.604075,1
CANADIAN CORPS COMMISSIONNAIRES NORTHERN ALBERTA NATIONAL MONITORING,HEWLETT PACKARD CANADA,0.979227,1
DILLON CONSULTING,DILLON CONSULTING,0.999978,0
KINETIC CONSTRUCTION,KINETIC CONSTRUCTION,0.999983,0
DELOITTE,DELOITTE,0.999977,0
DELOITTE,DELOITTE TOUCHE,0.999950,0
DELOITTE,DELOITTE TOUCHE TOHMATSU CERTIFIED PUBLIC ACCOUNTANTS,0.999907,0
DELOITTE,DELOITTE TOHMATSU FINANCIAL ADVISOR,0.999928,0
MITSUBISHI CANADA,MITSUBISHI MOTOR SALES CANADA I,0.999969,0
FISHER SCIENTIFIC,THERMO FISHER SCIENTIFIC,0.999984,0
FISHER SCIENTIFIC,THERMO FISHER SCIENTIFIC MISSISSAUG,0.999985,0
FISHER SCIENTIFIC,HEWLETT PACKARD CANADA,0.983588,1
IMPERIAL OIL,IMPERIAL OIL PRODUCTS AD CHEMICALS DIVISION,0.999984,0
IMPERIAL OIL PRODUCTS AD CHEMICALS DIVISION,INPERIAL OIL,0.999960,0
IMPERIAL OIL PRODUCTS AD CHEMICALS DIVISION,WORLS FUELS,0.810384,1
IMPERIAL OIL PRODUCTS AD CHEMICALS DIVISION,WORL FUEL SERVICES TRADING,0.813362,1
HEWLETT PACKARD CANADA,IMPERIAL OIL PRODUCTS AD CHEMICALS DIVISION,0.703399,1
FLIGHT FUELS,FLIGHT FUELS PARTNERSHIP,0.999954,0
FLIGHT FUEL,FLIGHT FUELS PARTNERSHIP,0.999941,0
STANTEC CONSULTING,STANTEC CONSULTING,0.999986,0
STANTEC CONSULTING,STANTEC CONSULTING OTTAWA,0.999986,0
STANTEC CONSULTING,STANTEC CONSULTING SCL,0.999986,0
STANTEC CONSULTING,STANTEC EXPERT CONSEILS,0.999987,0
STANTEC ARCHITECTURE,STANTEC CONSULTING,0.999987,0
LAFARGE CANADA,LAFARGE CANADA,0.999944,0
GARDA CANADA SECURITY,GARDAWORLD,0.999985,0
GARDA CANADA SECURITY,GARDA CANADA SECURITY,0.999984,0
MERCK CANADA,MERCK CANADA,0.999975,0
UNITED STATES DEPARTMENT AIR FORCE,UNITED STATES DEPARTMENT AIR FORCEAFSEC,0.999985,0
BA BLACKTOP,BA BLACKTOP INFRASTRUCTURE,0.999641,0
DELL COMPUTER,DELLCANADA,0.999946,0
MCELHANNEY,MCELHANNEY,0.999988,0
MCELHANNEY,MCELHANNEY CONSULTING SERVICES APRIL 20 2016,0.999988,0
MCELHANNEY,MCELHANNEY EDMONTON,0.999987,0
MCELHANNEY,MCELHINNEY HOLDINGS,0.999969,0
COPCAN CIVIL,COPCAN CIVIL,0.999974,0
TELCOM COMPUTER,TELECOM COMPUTER,0.999966,0
TELCOM COMPUTER,TELECOM COMPUTERS,0.999965,0
TELCOM COMPUTER,TELECOM,0.997189,0
CBCI TELECOMCOM,TELCOM COMPUTER,0.837329,1
TELCOM COMPUTER,VALCOM CONSULTING,0.740224,1
KNAPPET INDUSTRIES 2006,KNAPPETT INDUSTRIES 2006,0.999973,0
CORADIX TECHNOLOGY CONSULTING,CORADIX TEHCHNOLOGY CONSULTING,0.999949,0
CORADIX TECHNOLOGY CONSULTING,DONA CONA,0.532252,1
CLICK NETWORK,CLICK NETWORKS,0.999985,0
AECOM,AECOM CANADA,0.999984,0
AECOM CANADA,AECOM CANADA,0.999986,0
AECOM CANADA,AECOM CANADA WINNIPEG,0.999986,0
AECOM CANADA,AECOM CONSULTANTS,0.999986,0
EMS TECHNOLOGIES CANADA HONEYWELL,HONEYWELL HONEYWELL,0.999986,0
STRATEGIC NATURAL RESOURCE CONSULTANTS,STRATEGIC NATURAL RESOURCE CONSULTANTS,0.999989,0
STRATEGIC NATURAL RESOURCE CONSULTANTS,STRATEGIC NATURAL RESOURCE CONSULTANTS KFC CFC,0.999989,0
STRATEGIC NATURAL RESOURCE CONSULTA,STRATEGIC NATURAL RESOURCE CONSULTANTS,0.999989,0
CARAHSOFT TECHNOLOGY,DELOITTE FOR CARAHSOFT TECHNOLOGY,0.999987,0
ITEX,ITEXTIG,0.999941,0
ITEX DBA TECHNOLOGY,ITEXTIG,0.999940,0
ITEXTIG,ITEXTIG VIA SSC,0.999981,0
THALES CANADA THALES AUSTRALIA IN JOINT VENTURE,THALES CANADA THALES AUSTRALIA IN JOINT VENTURE,0.999946,0
THALES CANADA SYSTEMS DIVISION,THALES CANADA THALES AUSTRALIA IN JOINT VENTURE,0.999965,0
THALES CANADA NAVAL SERVICES BU,THALES CANADA THALES AUSTRALIA IN JOINT VENTURE,0.999964,0
THALES CANADA THALES AUSTRALIA IN JOINT VENTURE,THALES COMMUNICATIONS,0.999970,0
THALES CANADA THALES AUSTRALIA IN JOINT VENTURE,THALES DEFENCE SECURITY,0.999963,0
AECOM,AECOM CANADA WINNIPEG,0.999983,0
AECOM,AECOM CONSULTANTS,0.999982,0
ADVANCED CHIPPEWA TECH,ADVANCED CHIPPEWA TECH ACT,0.999988,0
ADVANCED CHIPPEWA TECH ACT,ADVANCED CHIPPEWA THECHNOLOGIES,0.999987,0
ADVANCED CHIPPEWA TECH ACT,ADVANCED CHIPPEWAS,0.999987,0
EFR ENVIRONMENTAL,FERO WASTE RECYCLING,0.969848,0
CORCAN,FERO WASTE RECYCLING,0.624799,1
RICOH CANADA,RICOH CANADA,0.999986,0
LANDMARK SOLUTIONS,LANDMARK SOLUTIONS,0.999981,0
EXPERIS CANADA,EXPERIS VERITAAQ,0.999971,0
CANSEL SURVEY EQUIPMENT CANADA,CANSEL SURVEY EQUIPMENT EQUIPEMENTS DARPENTAGE CANSEL,0.999970,0
CANSEL SURVEY EQUIPMENT,CANSEL SURVEY EQUIPMENT EQUIPEMENTS DARPENTAGE CANSEL,0.999980,0
CANSEL,CANSEL SURVEY EQUIPMENT EQUIPEMENTS DARPENTAGE CANSEL,0.999408,0
CANSEL SURVEY EQUIPMENT EQUIPEMENTS DARPENTAGE CANSEL,COMBAT NETWORKS,0.523474,1
CGI INFORMATION SYSTEMS MANAGEMENT CONSULTANTS,CGI INFORMATION SYSTEMS MANAGEMENT CONSULTANTS,0.996750,0
WORLD FUEL SERVICES CANADA,WORLDD FUEL SERVICES CANADA,0.999982,0
WORLD FUEL SERVICES,WORLD FUEL SERVICES CANADA,0.999980,0
WORLD FUEL SERVICE,WORLD FUEL SERVICES CANADA,0.999980,0
WORLD FUEL FLIGHT SERVICES,WORLD FUEL SERVICES CANADA,0.999983,0
WORL FUEL SERVICES TRADING,WORLD FUEL SERVICES CANADA,0.999941,0
IMPERIAL OIL,WORLD FUEL SERVICES CANADA,0.995048,1
PALADIN SECURITY GROUP,PALADIN SECURITY GROUP,0.999960,0
PALADIN SECURITY GROUP,PALADIN SECURITY SYSTEMS,0.999827,0
HEWLETT PACKARD CANADA,PALADIN SECURITY GROUP,0.972798,1
THALES AIR TRAFFIC MANAGEMENT US,THALES COMMUNICATIONS,0.999973,0
THALES AIR TRAFFIC MANAGEMENT US,THALES CANADA SYSTEMS DIVISION,0.999940,0
THALES AIR TRAFFIC MANAGEMENT US,THALES CANADA NAVAL SERVICES BU,0.999943,0
THALES AIR TRAFFIC MANAGEMENT US,THALES DEFENCE SECURITY,0.999963,0
TELUS COMMUNICATIONS,TELUS COMMUNICATIONS,0.999986,0
TELUS COMMUNICATIONS,TELUS COMMUNICATIONS COMPANY,0.999985,0
TELUS COMMUNICATIONS,TELUS HEALTH,0.999986,0
MODIS CANADA CR 114705,TELUS COMMUNICATIONS,0.904731,1
MODIS CANADA,TELUS COMMUNICATIONS,0.926282,1
SHELL,SHELL AVIAITON,0.999978,0
SHELL,SHELLCANADA PRODUCTS,0.999976,0
SHELL,SHELL BRASIL,0.999974,0
GDI SERVICES CANADA,GDI SERVICES QUEBEC SEC,0.999980,0
GDI SERVICES,GDI SERVICES CANADA,0.999984,0
GDI SERVICES CANADA,GDI SERVICES CANADA,0.999982,0
JHT DEFENSE,JHT DEFENSE INCEC,0.999987,0
JHT DEFENSE,JHT DEFENSE,0.999987,0
MCELHANNEY EDMONTON,MCELHINNEY HOLDINGS,0.999935,0
MCELHANNEY CONSULTING SERVICES APRIL 20 2016,MCELHINNEY HOLDINGS,0.999819,0
ZYCOM TECH,ZYCOM TECHNOLOGIES,0.999981,0
ZYCOM,ZYCOM TECH,0.999972,0
CBCI TELECOMCOM,ZYCOM TECH,0.950206,1
ZYCOM AS RESELLER FOR DELL,ZYCOM TECH,0.999929,0
ESRI CANADA,ESRI CANADA LTC,0.999966,0
SHELL AVIAITON,SHELL BRASIL,0.999980,0
SHELL BRASIL,SHELLCANADA PRODUCTS,0.999981,0
TELUS HEALTH,TELUS HEALTH SOLUTIONS TELUS SOLUTIONS EN SANTE,0.999980,0
TELUS COMMUNICATIONS,TELUS HEALTH SOLUTIONS TELUS SOLUTIONS EN SANTE,0.999950,0
GROUPE SANTE MEDISYS,TELUS HEALTH SOLUTIONS TELUS SOLUTIONS EN SANTE,0.906289,0
TELUS COMMUNICATIONS COMPANY,TELUS HEALTH SOLUTIONS TELUS SOLUTIONS EN SANTE,0.999940,0
TELUS COLLABORATION SERVICES,TELUS HEALTH SOLUTIONS TELUS SOLUTIONS EN SANTE,0.999926,0
CARDINAL HEALTH,CARDINAL HEALTH,0.999983,0
HEWLETT PACKARD CANADA,HEWLETTPACKARD CANADA,0.997979,0
HEWLETT PACKARD CANADA,MCDONNELL DOUGLAS,0.965941,1
CANADIAN COMMISSIONAIRES,HEWLETT PACKARD CANADA,0.989729,1
COMMISSIONAIRES KINGSTON,HEWLETT PACKARD CANADA,0.984183,1
HEWLETT PACKARD CANADA,LUMINA IT,0.941011,1
COMMISSIONAIRE NOVA SCOTIA,HEWLETT PACKARD CANADA,0.986580,1
BA BLACKTOP,BA BLACKTOP,0.999777,0
CANADIAN COMMISSIONAIRES,CANADIAN CORPS COMMISSIONIARES,0.999984,0
CANADIAN COMMISSIONAIRES,COMMISSIONAIRES,0.999985,0
CANADIAN COMMISSIONAIRES,COMMISSIONAIRE NOVA SCOTIA,0.999985,0
CANADIAN COMMISSIONAIRES,COMMISSIONAIRES OTTAWA COLONADE,0.999986,0
CANADIAN COMMISSIONAIRES,CANADIAN CORPS COMISSIONAIRES,0.999984,0
CANADIAN COMMISSIONAIRES,COMMISIONAIRES SASKATCHEWAN,0.999977,0
CANADIAN COMMISSIONAIRES,CORPS COMMISSIONAIRES,0.999984,0
CANADIAN COMMISSIONAIRES,COMMISSIONAIRES KINGSTON,0.999985,0
CANADIAN COMMISSIONAIRES,COMMISSISONAIRES OTTAWA,0.999958,0
CANADIAN COMMISSIONAIRES,CANADIAN CORPS COMMISSIONAIRES,0.999984,0
CANADIAN COMMISSIONAIRES,CANADIAN CORPSCOMMISSIONNAIRES,0.999980,0
CANADIAN COMMISSIONAIRES,CANADIAN CORPS COMMISSIONAIRES NORTHERN ALBERTA DIVISION,0.999984,0
CANADIAN COMMISSIONAIRES,CANADIAN CORPS COMMISSIONAIRES NEWFOUNDLAND,0.999985,0
CANADIAN COMMISSIONAIRES,CANCORPS COMMISSIONAIRES,0.999986,0
CANADIAN COMMISSIONAIRES,UNITED RENTALS CANADA,0.917210,1
CANADIAN COMMISSIONAIRES,WORLDD FUEL SERVICES CANADA,0.962117,1
AMTEK ENGINEERING,AMTEK ENGINEERING SERVICES,0.999986,0
AMTEK ENGINEERING SERVICES,AMTEK ENGINEERING SERVICES LD,0.999986,0
AMTEK,AMTEK ENGINEERING SERVICES,0.999985,0
CANADIAN CORPS COMMISSIONAIRES,CANADIAN CORPS COMMISSIONIARES,0.999983,0
CANADIAN CORPS COMISSIONAIRES,CANADIAN CORPS COMMISSIONAIRES,0.999982,0
CANADIAN CORPS COMMISSIONAIRES,CANADIAN CORPS COMMISSIONAIRES NORTHERN ALBERTA DIVISION,0.999983,0
CANADIAN CORPS COMMISSIONAIRES,CORPS COMMISSIONAIRES,0.999983,0
CANADIAN CORPS COMMISSIONAIRES,COMMISSIONAIRE NOVA SCOTIA,0.999982,0
CANADIAN CORPS COMMISSIONAIRES,CANADIAN CORPS COMMISSIONAIRES NEWFOUNDLAND,0.999984,0
CANADIAN CORPS COMMISSIONAIRES,CANADIAN CORPSCOMMISSIONNAIRES,0.999982,0
CANADIAN CORPS COMMISSIONAIRES,COMMISIONAIRES SASKATCHEWAN,0.999973,0
CANADIAN CORPS COMMISSIONAIRES,COMMISSIONAIRES OTTAWA COLONADE,0.999984,0
CANADIAN CORPS COMMISSIONAIRES,COMMISSIONAIRES,0.999983,0
CANADIAN CORPS COMMISSIONAIRES,COMMISSISONAIRES OTTAWA,0.999926,0
CANADIAN CORPS COMMISSIONAIRES,COMMISSIONAIRES KINGSTON,0.999983,0
CANADIAN CORPS COMMISSIONAIRES,CANCORPS COMMISSIONAIRES,0.999984,0
CANADIAN CORPS COMMISSIONAIRES,COMMISSIONAIRES SECURITY SOLUTIONS,0.999982,0
HITACHI DATA SYSTEMS,HITACHI HIGHTECH CANADA,0.999986,0
IBM CANADA IBM CANADA,IBM CANADA IBM CANADA,0.999977,0
IBM CANADA,IBM CANADA IBM CANADA,0.999984,0
SNCLAVALIN,SNCLAVALIN DEFENSE PROGRAMS,0.999986,0
SNCLAVALIN DEFENSE PROGRAMS,SNCLAVALIN ENVIRONMENT VICTORIA,0.999985,0
SNC LAVALIN,SNCLAVALIN DEFENSE PROGRAMS,0.999982,0
SNCLAVALIN DEFENSE PROGRAMS,SNCLAVALIN MONTREAL,0.999986,0
SNC LAVALIN PROFAC,SNCLAVALIN DEFENSE PROGRAMS,0.999980,0
ATKINSREALIS FORMERLY SNCLAVALIN,SNCLAVALIN DEFENSE PROGRAMS,0.999982,0
CANADIAN CORPS COMMISSIONIARES,CORPS COMMISSIONAIRES,0.999982,0
COMMISSIONAIRES,CORPS COMMISSIONAIRES,0.999984,0
CANADIAN CORPS COMISSIONAIRES,CORPS COMMISSIONAIRES,0.999981,0
COMMISSIONAIRE NOVA SCOTIA,CORPS COMMISSIONAIRES,0.999984,0
COMMISIONAIRES SASKATCHEWAN,CORPS COMMISSIONAIRES,0.999960,0
COMMISSIONAIRES KINGSTON,CORPS COMMISSIONAIRES,0.999984,0
COMMISSIONAIRES OTTAWA COLONADE,CORPS COMMISSIONAIRES,0.999985,0
CANADIAN CORPSCOMMISSIONNAIRES,CORPS COMMISSIONAIRES,0.999979,0
CANCORPS COMMISSIONAIRES,CORPS COMMISSIONAIRES,0.999986,0
COMMISSISONAIRES OTTAWA,CORPS COMMISSIONAIRES,0.999940,0
CANADIAN CORPS COMMISSIONAIRES NORTHERN ALBERTA DIVISION,CORPS COMMISSIONAIRES,0.999983,0
COMBAT NETWORKS,CORPS COMMISSIONAIRES,0.601773,1
CORPS COMMISSIONAIRES,UNITED RENTALS CANADA,0.740634,1
CIMCO REFRIGERATION,CIMCO REFRIGERATION DIVISION TOROMONT INDUSTRIES,0.999985,0
CIMCO REFRIGERATION DIVISION TOROMONT INDUSTRIES,TOROMONT INDUSTRIES INDUSTRIES TOROMONT,0.999982,0
CIMCO REFRIGERATION DIVISION TOROMONT INDUSTRIES,TOROMONT ARCTIC,0.999976,0
CIMCO REFRIGERATION DIVISION TOROMONT INDUSTRIES,TOROMONT CAT POWER SYSTEMS,0.999981,0
CIMCO REFRIGERATION DIVISION TOROMONT INDUSTRIES,TOROMONT MATERIAL HANDLING,0.999976,0
CIMCO REFRIGERATION DIVISION TOROMONT INDUSTRIES,TOROMONT CAT,0.999975,0
SAMUEL MANUTECH,SAMUEL SON,0.999978,0
JOSEPH ELIE,SAMUEL MANUTECH,0.503431,1
ATKINSREALIS,ATKINSREALIS FORMERLY SNCLAVALIN,0.999985,0
EXCEL,EXCEL HUMAN RESOURCE,0.999988,0
EXCEL HUMAN RESOURCE,EXCEL HUMAN RESOURCES OPERATING AS EXCELITR,0.999989,0
ALTIS PROFESSIONAL RECRUITMENT EXCEL HUMAN RESOURCES,EXCEL HUMAN RESOURCE,0.999990,0
ALTIS HUMAN RESSOUCES,EXCEL HUMAN RESOURCE,0.999989,0
ALTIS HUMAN RESOURCES OTTAWA,EXCEL HUMAN RESOURCE,0.999990,0
ALTIS PROFESSIONAL RECRUITMENT,EXCEL HUMAN RESOURCE,0.999987,0
ALTIS HUMAN RESOURCES VANCOUVER I,EXCEL HUMAN RESOURCE,0.999990,0
ALTIS RECRUITMENT,EXCEL HUMAN RESOURCE,0.999988,0
ALTIS PROFESSIONAL SERVICES,EXCEL HUMAN RESOURCE,0.999988,0
ALTIS VANCOUVER,EXCEL HUMAN RESOURCE,0.999971,0
EXCEL HUMAN RESOURCE,TECHSOL MARINE,0.565838,1
ALTIS HUMAN RESOURCES OTTAWA EXCELHUMAN RESOURCES IN JOINT VENTURE,EXCEL HUMAN RESOURCE,0.999989,0
ALTIS RECRUITMENT TECHNOLOGY IN,EXCEL HUMAN RESOURCE,0.999988,0
EXCEL HUMAN RESOURCE,EXCELLERIS TECHNOLOGIES A DIVISION LIFELABS,0.992542,1
GLOBAL UPHOLSTERY,GLOBAL UPHOLSTERY RD,0.999989,0
GLOBAL UPHOLSETERY,GLOBAL UPHOLSTERY,0.999990,0
ERNST YOUNG GLOBAL,GLOBAL UPHOLSTERY,0.945330,1
GLOBAL UPHOLSTERY,WORLD FUEL SERVICES,0.996413,1
ACKLAND GRAINGER,ACKLANDS GRAINGER,0.999984,0
ACKLANDS GRAINGER,ACKLANDS GRAINGER CANADA,0.999984,0
ACKLANDS GRAINGER,ACKLANDSGRAINGER,0.999964,0
GDI SERVICES,GDI SERVICES QUEBEC SEC,0.999981,0
CHANDLER DIV JD IRVING,J D IRVING,0.999471,0
A DIVISION JD IRVING,J D IRVING,0.999683,0
IRVING EQUIPMENT,J D IRVING,0.999601,0
J D IRVING,KENT,0.779441,0
CALAIAN,CALIAN,0.999908,0
CMF CONSTRUCTION,CMF CONSTRUCTION,0.999968,0
ROGERS COMMUNICATIONS CANADA,ROGERS WIRELESS,0.999982,0
ROGERS ATT,ROGERS WIRELESS,0.999975,0
BABCOCK INTEGRATED TECHNOLOGY,BABCOCKI INTERNATIONAL GROUP,0.999983,0
AEF FUELS,AEG FULES,0.998544,0
JOHNSON CONTROLS CANADA,SOCIETE CONTROLE JOHNSON CANADA SEC,0.999929,0
MICROSOFT CONSULTING SERVICES,MICROSOFT SERVICES,0.999981,0
MICROSOFT,MICROSOFT CONSULTING SERVICES,0.999964,0
MICROSOFT CANADA,MICROSOFT CONSULTING SERVICES,0.999976,0
HEWLETT PACKARD CANADA,LEONARDO UK,0.694547,1
GENERAL DYNAMICS C4SYSTEMS,GENERAL DYNAMICS LAND SYSTEMS,0.999988,0
GENERAL DYNAMICS GLOBAL IMAGING TECHNOLOGIES,GENERAL DYNAMICS LAND SYSTEMS,0.999988,0
BALCK MCDONALD,BLACK MCDONALD OTTAWA,0.999936,0
BALCK MCDONALD,BLACK MCDONALD,0.999925,0
BALCK MCDONALD,BLACK MACDONALD,0.999894,0
L3 COMMUNICATIONS,L3 COMMUNICATIONS ELECTRONIC SYSTEMS,0.999984,0
L3 AVIATION PRODUCTS,L3 COMMUNICATIONS ELECTRONIC SYSTEMS,0.999976,0
L3 COMMUNICATIONS ELECTRONIC SYSTEMS,L3 MAPPS,0.999980,0
GROUPE HARNOIS,HARNOIS,0.999981,0
GROUPE HARNOIS,HARNOIS ENERGIE,0.999980,0
AKKODIS CANADA,MODIS CANADA,0.956718,0
AKKODIS CANADA,MODIS CANADA CR 114705,0.933056,0
SAMSON ASSOCIATES CPA CONSULTATION,SAMSON ASSOCIATES CPA CONSULTING SERVICES,0.999981,0
SAMSON ASSOCIATES CPA CONSULTATION,SAMSON ASSOCIES,0.999977,0
ROGERS ATT,SAMSON ASSOCIATES CPA CONSULTATION,0.999155,1
SHELL AVIAITON,SHELLCANADA PRODUCTS,0.999981,0
TELECOM,VALCOM CONSULTING GROUP,0.995599,1
CBCI TELECOMCOM,VALCOM CONSULTING GROUP,0.835070,1
KPMG FORENSIC,KPMG VICTORIA,0.999969,0
KPMG,KPMG FORENSIC,0.999980,0
KPMG FKA KPMG MSLP,KPMG FORENSIC,0.999959,0
ITNETOTTAWA KPMG IN JOINT VENTURE,KPMG FORENSIC,0.999850,0
STANTEC CONSULTING OTTAWA,STANTEC CONSULTING SCL,0.999986,0
STANTEC CONSULTING OTTAWA,STANTEC EXPERT CONSEILS,0.999986,0
STANTEC ARCHITECTURE,STANTEC CONSULTING OTTAWA,0.999987,0
ALTIS PROFESSIONAL RECRUITMENT,ALTIS RECRUITMENT,0.999989,0
ALTIS RECRUITMENT,ALTIS RECRUITMENT TECHNOLOGY IN,0.999989,0
ALTIS PROFESSIONAL RECRUITMENT EXCEL HUMAN RESOURCES,ALTIS RECRUITMENT,0.999989,0
ALTIS PROFESSIONAL SERVICES,ALTIS RECRUITMENT,0.999989,0
ALTIS HUMAN RESSOUCES,ALTIS RECRUITMENT,0.999989,0
ALTIS HUMAN RESOURCES OTTAWA,ALTIS RECRUITMENT,0.999989,0
ALTIS RECRUITMENT,ALTIS VANCOUVER,0.999987,0
ALTIS HUMAN RESOURCES VANCOUVER I,ALTIS RECRUITMENT,0.999989,0
ALTIS RECRUITMENT,TELUS COLLABORATION SERVICES,0.583484,1
ALTIS RECRUITMENT,EXCEL,0.999982,0
ALTIS HUMAN RESOURCES OTTAWA EXCELHUMAN RESOURCES IN JOINT VENTURE,ALTIS RECRUITMENT,0.999988,0
ALTIS RECRUITMENT,TELUS HEALTH,0.918028,1
INDUSTRA CONSTRUCTION,INDUSTRA CONSTRUCTION,0.999984,0
ZYCOM AS RESELLER FOR DELL,ZYCOM TECHNOLOGIES,0.999909,0
ZYCOM,ZYCOM AS RESELLER FOR DELL,0.999938,0
DELL COMPUTER,ZYCOM AS RESELLER FOR DELL,0.948264,1
DELL CANADA,ZYCOM AS RESELLER FOR DELL,0.736735,1
DELLCANADA,ZYCOM AS RESELLER FOR DELL,0.560772,1
ALTIS PROFESSIONAL RECRUITMENT EXCEL HUMAN RESOURCES,EXCEL HUMAN RESOURCES OPERATING AS EXCELITR,0.999989,0
EXCEL,EXCEL HUMAN RESOURCES OPERATING AS EXCELITR,0.999987,0
ALTIS HUMAN RESOURCES OTTAWA,EXCEL HUMAN RESOURCES OPERATING AS EXCELITR,0.999989,0
ALTIS HUMAN RESOURCES VANCOUVER I,EXCEL HUMAN RESOURCES OPERATING AS EXCELITR,0.999988,0
ALTIS HUMAN RESOURCES OTTAWA EXCELHUMAN RESOURCES IN JOINT VENTURE,EXCEL HUMAN RESOURCES OPERATING AS EXCELITR,0.999989,0
ALTIS HUMAN RESSOUCES,EXCEL HUMAN RESOURCES OPERATING AS EXCELITR,0.999981,0
ALTIS PROFESSIONAL SERVICES,EXCEL HUMAN RESOURCES OPERATING AS EXCELITR,0.999904,0
ALTIS VANCOUVER,EXCEL HUMAN RESOURCES OPERATING AS EXCELITR,0.908928,0
ALTIS PROFESSIONAL RECRUITMENT,EXCEL HUMAN RESOURCES OPERATING AS EXCELITR,0.999934,0
EXCEL HUMAN RESOURCES OPERATING AS EXCELITR,HEWLETT PACKARD CANADA,0.976882,1
ALTIS RECRUITMENT,EXCEL HUMAN RESOURCES OPERATING AS EXCELITR,0.999873,0
AFS AVIATION FUEL SERVICES,APRON FUEL SERVICES,0.999953,0
ALTIS VANCOUVER,EXCEL,0.999969,0
EXCEL,WORLS FUELS,0.907225,1
JANSSEN,JANSSENORTHO,0.999856,0
GFL ENVIRONMENTAL,GFL INVIRONMENTAL,0.999986,0
GFL ENVIROMENTAL,GFL ENVIRONMENTAL,0.999986,0
GFL ENVIRONMANTAL,GFL ENVIRONMENTAL,0.999986,0
GFL ENVIRONMENTAL,GFL ENVIRONMENTAL,0.999986,0
XEROX CANADA,XEROX CANADA,0.999984,0
LEICA MICROSYSTEMS CANADA,LEICA MICROSYSTEMS CANADA,0.999988,0
CDW CANADA,CDW CANADA,0.999984,0
LUMINA IT CBZ JOINT VENTURE,LUMINAIT,0.999829,0
DRS INFRARED TECHNOLOGIES,DRS TECHNOLOGIES,0.999964,0
TELUS COMMUNICATIONS COMPANY,TELUS COMMUNICATIONS COMPANY,0.999984,0
TELUS COMMUNICATIONS COMPANY,TELUS HEALTH,0.999985,0
MODIS CANADA,TELUS COMMUNICATIONS COMPANY,0.699438,1
MODIS CANADA CR 114705,TELUS COMMUNICATIONS COMPANY,0.543529,1
FLIGHT FUEL,FLIGHT FUELS,0.999910,0
SMITH CARTER ARCHITECTS OTTAWA,SMITH CARTER ARCHITECTS WINNIPEG,0.999977,0
ARCHITECTURE49,SMITH CARTER ARCHITECTS OTTAWA,0.706933,0
THALES CANADA NAVAL SERVICES BU,THALES CANADA SYSTEMS DIVISION,0.999975,0
THALES CANADA SYSTEMS DIVISION,THALES COMMUNICATIONS,0.999980,0
THALES CANADA SYSTEMS DIVISION,THALES DEFENCE SECURITY,0.999976,0
SOLOTECH,SOLOTECH QUEBEC,0.999986,0
CBCI SOLOTECH,SOLOTECH QUEBEC,0.999985,0
CBCI TELECOM A SOLOTECH COMPANY,SOLOTECH QUEBEC,0.999984,0
4 REFUEL,4REFUEL CANADA,0.992132,0
4 REFUEL,4OFFICE AUTOMATION,0.996461,1
PACIFIC INDUSTRIAL MARINE,PACIFIC INDUSTRIAL MARINE,0.999975,0
ACHITECTURE 49,ARCHITECTURE49,0.996614,0
COMPASS CANADA EUREST,VERREAULT NAVIGATION,0.997390,1
SIMEX DEFENSE,SIMEX EQUIPMENT,0.999985,0
SIMEX DEFENSE,SIMEX DEFENSE,0.999985,0
SIMEX DEFENCE IN,SIMEX DEFENSE,0.999984,0
ASOKAN BUSINESES INTERIORS,ASOKAN BUSINESS INTERIORS,0.999981,0
ASOKAN BUSINESES INTERIORS,ASOKAN SOLUTIONS BUREAU,0.999978,0
ASOKAN BUSINESES INTERIORS,ASOKAN SOLUTION BUREAU,0.999971,0
CANSEL SURVEY EQUIPMENT,CANSEL SURVEY EQUIPMENT CANADA,0.999983,0
CANSEL,CANSEL SURVEY EQUIPMENT CANADA,0.999939,0
SI SYSTEMS,SI SYSTEMS,0.999988,0
PETERS BROS CONSTRUCTION,PETERS BROS CONSTRUCTION,0.999979,0
RANDSTAD INTERIM,RANDSTAD INTERIM,0.999985,0
1025178RANDSTAD INTERIM,RANDSTAD INTERIM,0.999900,0
WOOD,WOOD CANADA,0.999895,0
BECTON DICKINSON CANADA,BECTON DICKINSON CANADA,0.999956,0
BECTON DICKINSON CANADA,BECTON DICKSON BD CANADA,0.999828,0
BARD CANADA,BECTON DICKINSON CANADA,0.996987,0
BECTON DICKINSON CANADA,HEWLETT PACKARD CANADA,0.737836,1
TOROMONT INDUSTRIES INDUSTRIES TOROMONT,TOROMONT INDUSTRIES INDUSTRIES TOROMONT,0.999984,0
TOROMONT INDUSTRIES INDUSTRIES TOROMONT,TOROMONT MATERIAL HANDLING,0.999984,0
TOROMONT CAT,TOROMONT INDUSTRIES INDUSTRIES TOROMONT,0.999983,0
TOROMONT ARCTIC,TOROMONT INDUSTRIES INDUSTRIES TOROMONT,0.999983,0
TOROMONT CAT POWER SYSTEMS,TOROMONT INDUSTRIES INDUSTRIES TOROMONT,0.999983,0
ATCO STRUCTURES LOGISTICS,ATCO STRUCTURES LOGISTICS SERVICES,0.999987,0
ATCO POWER CANADA,ATCO STRUCTURES LOGISTICS SERVICES,0.999987,0
WSP CANADA GROUP,WSP CANADA GROUP,0.999985,0
WSP CANADA GROUP,WSP EI CANADA,0.999984,0
LOGISTIC UNICORP,LOGISTIK UNICORP,0.999988,0
TELECOM,VALCOM CONSULTING,0.944636,1
CBCI TELECOMCOM,VALCOM CONSULTING,0.690046,1
VALCOM CONSULTING,ZYCOM,0.543254,1
FUJITSU CANADA,FUJITSU NETWORK COMMUNICATIONS,0.999989,0
FUJITSU CONSULTING CANADA FUJITSU CONSEIL CANADA,FUJITSU NETWORK COMMUNICATIONS,0.999985,0
BGIS GLOBAL INTEGRATED SOLUTIONS CA,BROOKFIELD GLOBAL INTEGRATED SOLUTION,0.999970,0
WORLD FUEL SERVICE,WORLD FUEL SERVICES,0.999979,0
WORLD FUEL FLIGHT SERVICES,WORLD FUEL SERVICES,0.999981,0
WORLD FUEL SERVICES,WORLDD FUEL SERVICES CANADA,0.999981,0
AFS AVIATION FUEL SERVICES,WORLD FUEL SERVICES,0.849226,1
WORL FUEL SERVICES TRADING,WORLD FUEL SERVICES,0.999953,0
IMPERIAL OIL,WORLD FUEL SERVICES,0.998434,1
INPERIAL OIL,WORLD FUEL SERVICES,0.957396,1
GLOBAL UPHOLSTERY RD,WORLD FUEL SERVICES,0.984479,1
LIFE TECHNOLOGIES,LIFE TECHNOLOGIES,0.999970,0
ZYCOM,ZYCOM TECHNOLOGIES,0.999970,0
TELECOM COMPUTER,TELECOM COMPUTERS,0.999970,0
TELECOM,TELECOM COMPUTER,0.999610,0
WORLD FUEL FLIGHT SERVICES,WORLD FUEL SERVICE,0.999982,0
WORLD FUEL SERVICE,WORLDD FUEL SERVICES CANADA,0.999981,0
AFS AVIATION FUEL SERVICES,WORLD FUEL SERVICE,0.947149,1
WORL FUEL SERVICES TRADING,WORLD FUEL SERVICE,0.999955,0
IMPERIAL OIL,WORLD FUEL SERVICE,0.998335,1
INPERIAL OIL,WORLD FUEL SERVICE,0.971744,1
GLOBAL UPHOLSTERY RD,WORLD FUEL SERVICE,0.817838,1
CANADIAN CORPS COMMISSIONAIRES NEWFOUNDLAND,CANADIAN CORPS COMMISSIONAIRES NORTHERN ALBERTA DIVISION,0.999984,0
CANADIAN CORPS COMMISSIONAIRES NEWFOUNDLAND,CANADIAN CORPS COMMISSIONIARES,0.999984,0
CANADIAN CORPS COMISSIONAIRES,CANADIAN CORPS COMMISSIONAIRES NEWFOUNDLAND,0.999983,0
CANADIAN CORPS COMMISSIONAIRES NEWFOUNDLAND,COMMISSIONAIRE NOVA SCOTIA,0.999985,0
CANADIAN CORPS COMMISSIONAIRES NEWFOUNDLAND,CANADIAN CORPSCOMMISSIONNAIRES,0.999983,0
CANADIAN CORPS COMMISSIONAIRES NEWFOUNDLAND,COMMISIONAIRES SASKATCHEWAN,0.999975,0
CANADIAN CORPS COMMISSIONAIRES NEWFOUNDLAND,COMMISSIONAIRES OTTAWA COLONADE,0.999985,0
CANADIAN CORPS COMMISSIONAIRES NEWFOUNDLAND,CORPS COMMISSIONAIRES,0.999984,0
CANADIAN CORPS COMMISSIONAIRES NEWFOUNDLAND,COMMISSIONAIRES KINGSTON,0.999985,0
CANADIAN CORPS COMMISSIONAIRES NEWFOUNDLAND,COMMISSISONAIRES OTTAWA,0.999816,0
CANADIAN CORPS COMMISSIONAIRES NEWFOUNDLAND,COMMISSIONAIRES,0.999985,0
CANADIAN CORPS COMMISSIONAIRES NEWFOUNDLAND,HEWLETT PACKARD CANADA,0.977085,1
SIMEX DEFENCE IN,SIMEX EQUIPMENT,0.999979,0
SYSCO FOOD SERVICES TORONTO,SYSCO SERCA FOOD SERVICES WEST,0.999985,0
SYSCO SERCA FOOD SERVICES WEST,SYSCO SERCA FOOD SERVICESATLANTIC,0.999979,0
SYSCO SERCA FOOD SERVICES WEST,SYSCO SERCA SERVICES ATLANTIC,0.999983,0
SYSCO SERCA ATLANTIC,SYSCO SERCA FOOD SERVICES WEST,0.999984,0
SYSCO SERCA FOOD SERVICES WEST,SYSCO SERTA,0.999920,0
SYSCO OTTAWA,SYSCO SERCA FOOD SERVICES WEST,0.999954,0
SYSCO SERCA FOOD SERVICES WEST,SYSCO STURGEON FALLS,0.999828,0
RHEINMETALL CANADA,RHEINMETALL ELECTRONICS,0.999988,0
RHEINMETALL ELECTRONICS,RHEINMETALL MAN MILITARY,0.999988,0
COMPASS CANADA EUREST,COMPASS CANADA SUPPORT SERVICES,0.999984,0
COMPASS CANADA EUREST,COMPASS GROUP CANADA,0.999983,0
ALTIS PROFESSIONAL RECRUITMENT,ALTIS RECRUITMENT TECHNOLOGY IN,0.999989,0
ALTIS PROFESSIONAL RECRUITMENT EXCEL HUMAN RESOURCES,ALTIS RECRUITMENT TECHNOLOGY IN,0.999989,0
ALTIS PROFESSIONAL SERVICES,ALTIS RECRUITMENT TECHNOLOGY IN,0.999989,0
ALTIS HUMAN RESSOUCES,ALTIS RECRUITMENT TECHNOLOGY IN,0.999989,0
ALTIS HUMAN RESOURCES OTTAWA,ALTIS RECRUITMENT TECHNOLOGY IN,0.999989,0
ALTIS RECRUITMENT TECHNOLOGY IN,ALTIS VANCOUVER,0.999988,0
ALTIS HUMAN RESOURCES VANCOUVER I,ALTIS RECRUITMENT TECHNOLOGY IN,0.999989,0
ALTIS HUMAN RESOURCES OTTAWA EXCELHUMAN RESOURCES IN JOINT VENTURE,ALTIS RECRUITMENT TECHNOLOGY IN,0.999988,0
ALTIS RECRUITMENT TECHNOLOGY IN,TELUS COLLABORATION SERVICES,0.570441,1
ALTIS RECRUITMENT TECHNOLOGY IN,TELUS HEALTH,0.766678,1
DELL CANADA,DELL CANADA RESELLER NISHA TECHNOLOGIES,0.881540,1
GCSTRATEGIES,GCSTRATGEIES,0.999979,0
EXECUTIVE FLIGHT CTR AVIATION,EXECUTIVE FLIGTH CENTER FUEL,0.999970,0
DELOITTE TOUCHE,DELOITTE TOUCHE TOHMATSU CERTIFIED PUBLIC ACCOUNTANTS,0.999979,0
DELOITTE TOHMATSU FINANCIAL ADVISOR,DELOITTE TOUCHE,0.999633,0
ALLTECK LINE CONTRACTORS,ALLTECK PARTNERSHIP,0.999981,0
ASOKAN BUSINESS INTERIORS,ASOKAN BUSINESS INTERIORS,0.999983,0
ASOKAN BUSINESS INTERIORS,ASOKAN SOLUTION BUREAU,0.999976,0
ASOKAN BUSINESS INTERIORS,ASOKAN SOLUTIONS BUREAU,0.999980,0
LOCKHEED MARTIN CANADA,LOCKHEED MARTIN OVERSEAS SERVICES,0.999986,0
LOCKHEED MARTIN OVERSEAS SERVICES,LOCKHEED MARTIN SIPPICAN,0.999985,0
KENT,KENT BUILDING SUPPLIES,0.999734,0
SYSCO SERCA ATLANTIC,SYSCO STURGEON FALLS,0.999924,0
SYSCO SERTA,SYSCO STURGEON FALLS,0.999961,0
SYSCO OTTAWA,SYSCO STURGEON FALLS,0.999982,0
SYSCO SERCA SERVICES ATLANTIC,SYSCO STURGEON FALLS,0.999954,0
SYSCO FOOD SERVICES TORONTO,SYSCO STURGEON FALLS,0.999977,0
GENERAL DYNAMICS C4SYSTEMS,GENERAL DYNAMICS GLOBAL IMAGING TECHNOLOGIES,0.999988,0
KNAPPETT INDUSTRIES 2006,KNAPPETT INDUSTRIES 2006,0.999964,0
THALES COMMUNICATIONS,THALES DEFENCE SECURITY,0.999982,0
THALES CANADA NAVAL SERVICES BU,THALES COMMUNICATIONS,0.999980,0
BELL CANADA,BELL CANADA TELEPHONE,0.999978,0
BELL CANADA,BELL TELEPHONE COMPANY CANADA OR BELL CANADA COMPAGNIE TE,0.999966,0
FUJITSU CANADA,FUJITSU CONSULTING CANADA FUJITSU CONSEIL CANADA,0.999985,0
STANTEC ARCHITECTURE,STANTEC EXPERT CONSEILS,0.999986,0
STANTEC ARCHITECTURE,STANTEC CONSULTING SCL,0.999987,0
ADGA GROUP CONSULTANTS,NAME ADGA GROUP CONSULTANTS,0.999958,0
ADGA GROUP CONSULTING,NAME ADGA GROUP CONSULTANTS,0.999946,0
IRVING OIL,IRVING OIL COMMERCIAL GP,0.999988,0
IRVING OIL,PETROLES IRVING,0.999974,0
VANCOUVER SHIPYARDS,VICTORIA SHIPYARDS DND VENDOR 0001201424,0.999962,0
ATCO STRUCTURES LOGISTICS,ATCO STRUCTURES LOGISTICS,0.999987,0
ATCO POWER CANADA,ATCO STRUCTURES LOGISTICS,0.999987,0
MICROSOFT,MICROSOFT SERVICES,0.999976,0
MICROSOFT CANADA,MICROSOFT SERVICES,0.999981,0
MNP,MNP,0.999985,0
IT NET,ITNET,0.999973,0
ITNET,ITNET OTTAWA,0.999976,0
ITNET,ROGERS WIRELESS,0.803744,1
ITNET,ITNETOTTAWA KPMG IN JOINT VENTURE,0.999942,0
ITNET,ROGERS COMMUNICATIONS CANADA,0.623954,1
MOTOROLA SOLUTION CANADA,MOTOROLA SOLUTIONS CA,0.999982,0
CANADIAN CORPS COMISSIONAIRES,COMMISIONAIRES SASKATCHEWAN,0.999980,0
COMMISIONAIRES SASKATCHEWAN,COMMISSISONAIRES OTTAWA,0.999966,0
CANADIAN CORPS COMMISSIONIARES,COMMISIONAIRES SASKATCHEWAN,0.999913,0
COMMISIONAIRES SASKATCHEWAN,COMMISSIONAIRES,0.999948,0
COMMISIONAIRES SASKATCHEWAN,COMMISSIONAIRES OTTAWA COLONADE,0.999952,0
COMMISIONAIRES SASKATCHEWAN,COMMISSIONAIRE NOVA SCOTIA,0.999951,0
COMMISIONAIRES SASKATCHEWAN,COMMISSIONAIRES KINGSTON,0.999959,0
CANADIAN CORPS COMMISSIONAIRES NORTHERN ALBERTA DIVISION,COMMISIONAIRES SASKATCHEWAN,0.999974,0
CANADIAN CORPSCOMMISSIONNAIRES,COMMISIONAIRES SASKATCHEWAN,0.999961,0
CANCORPS COMMISSIONAIRES,COMMISIONAIRES SASKATCHEWAN,0.999929,0
TECKNION,TEKNION ROY BRETON,0.999983,0
TEKNION,TEKNION ROY BRETON,0.999985,0
SYSCO SERCA FOOD SERVICESATLANTIC,SYSCO SERCA SERVICES ATLANTIC,0.999980,0
SYSCO SERCA ATLANTIC,SYSCO SERCA FOOD SERVICESATLANTIC,0.999979,0
SYSCO FOOD SERVICES TORONTO,SYSCO SERCA FOOD SERVICESATLANTIC,0.999981,0
SYSCO SERCA FOOD SERVICESATLANTIC,SYSCO SERTA,0.999886,0
SYSCO SERCA FOOD SERVICESATLANTIC,SYSCO STURGEON FALLS,0.999788,0
SYSCO OTTAWA,SYSCO SERCA FOOD SERVICESATLANTIC,0.999906,0
SYSCO SERCA FOOD SERVICESATLANTIC,WORL FUEL SERVICES TRADING,0.630677,1
SYSCO SERCA FOOD SERVICESATLANTIC,WORLS FUELS,0.608280,1
COLUMBIA FUELS OA PARKLAND FUELS,PARKLAND OA COLUMBIA FUELS,0.999981,0
COLUMBIA FUELS OA PARKLAND FUELS,UNIVERSITY BRITISH COLUMBIA,0.955047,1
COLUMBIA FUELS OA PARKLAND FUELS,UNIVERSITY BRITISH COLUMBIA OKANAGAN,0.997033,1
COMMISSISONAIRES OTTAWA,TELFER SCHOOL MANAGEMENT UNIVERSITY OTTAWA,0.953044,1
PRICEWATERHOUSECOOPERS,PRICEWATERHOUSECOOPERS CATHERINE PEACOCK,0.999986,0
PRICEWATERHOUSECOOPERS,PRICEWATERHOUSECOOPERS OWEN TAYLOR,0.999987,0
PRICE WATERHOUSE COOPERS PWC,PRICEWATERHOUSECOOPERS,0.999979,0
PRICEWATERHOUSECOOPERS,PRICEWATERHOUSECOOPERS,0.999987,0
PRICEWATERHOUSE COOPERS,PRICEWATERHOUSECOOPERS,0.999986,0
PRICE WATERHOUSE COOPER,PRICEWATERHOUSECOOPERS,0.999986,0
SNCLAVALIN,SNCLAVALIN ENVIRONMENT VICTORIA,0.999985,0
SNCLAVALIN ENVIRONMENT VICTORIA,SNCLAVALIN MONTREAL,0.999985,0
SNC LAVALIN,SNCLAVALIN ENVIRONMENT VICTORIA,0.999981,0
SNC LAVALIN PROFAC,SNCLAVALIN ENVIRONMENT VICTORIA,0.999978,0
ATKINSREALIS FORMERLY SNCLAVALIN,SNCLAVALIN ENVIRONMENT VICTORIA,0.999982,0
TEKSYSTEMS CANADA,TEKSYSTEMS CANADA,0.999988,0
TEKSYSTEMS CANADA,TEKSYSTEMS CANADA SOCIETY TEKSYSTEMS CANADA,0.999981,0
ITEX,ITEX DBA TECHNOLOGY,0.999935,0
ITEX,ITEXTIG VIA SSC,0.999897,0
SNCLAVALIN,SNCLAVALIN,0.999984,0
SNC LAVALIN,SNCLAVALIN,0.999981,0
SNCLAVALIN,SNCLAVALIN MONTREAL,0.999985,0
EMERION,LUMINA IT,0.999983,0
MAPLE REINDERS CONSTRUCTORS,MAPLE REINDERS CONSTRUCTORS,0.999983,0
KONICA BUSINESS SOLUTIONS,KONICA MINOLTA BUSINESS,0.999988,0
KONICA BUSINESS SOLUTIONS,KONICA MINOLTA BUSINESS SOLUTIONS CANADA,0.999989,0
ARAMARK,ARAMARK CANADA,0.999987,0
IBISKA,IBISKA TELECOM,0.999978,0
IBISKA TELECOM,IBISKA TELECOM,0.999983,0
ALTIS PROFESSIONAL SERVICES,TELUS HEALTH,0.906446,1
ALTIS HUMAN RESSOUCES,TELUS HEALTH,0.995812,1
MODIS CANADA CR 114705,TELUS HEALTH,0.929759,1
TOROMONT CAT,TOROMONT MATERIAL HANDLING,0.999983,0
TOROMONT CAT,TOROMONT CAT POWER SYSTEMS,0.999984,0
TOROMONT ARCTIC,TOROMONT CAT,0.999984,0
CANCORPS COMMISSIONAIRES,COMMISSIONAIRES,0.999986,0
CANCORPS COMMISSIONAIRES,COMMISSIONAIRES KINGSTON,0.999986,0
CANADIAN CORPS COMISSIONAIRES,CANCORPS COMMISSIONAIRES,0.999973,0
CANADIAN CORPS COMMISSIONIARES,CANCORPS COMMISSIONAIRES,0.999979,0
CANCORPS COMMISSIONAIRES,COMMISSIONAIRES OTTAWA COLONADE,0.999986,0
CANCORPS COMMISSIONAIRES,COMMISSIONAIRE NOVA SCOTIA,0.999985,0
CANCORPS COMMISSIONAIRES,COMMISSISONAIRES OTTAWA,0.999651,0
CANADIAN CORPSCOMMISSIONNAIRES,CANCORPS COMMISSIONAIRES,0.999969,0
BIRD CONSTRUCTION GROUP,BIRD CONSTRUCTION GROUP,0.999984,0
ACKLAND GRAINGER,ACKLANDS GRAINGER CANADA,0.999984,0
ACKLANDS GRAINGER CANADA,ACKLANDSGRAINGER,0.999963,0
LOCKHEED MARTIN CANADA,LOCKHEED MARTIN SIPPICAN,0.999986,0
HEWLETT PACKARD CANADA,LOCKHEED MARTIN CANADA,0.835387,1
ADIRONDACK INFORMATION MANAGEMENT AMITA ARTEMP PERSONNEL SERVICES AIM GROUP IN JOINT VENTURE,ADIRONDACK MANAGEMENT,0.999982,0
ERNST YOUNG GLOBAL,ERNST YOUNG MONTREAL,0.999974,0
ERNST YOUNG GLOBAL,ERNST YOUNG TTTTTTTT,0.999961,0
MODIS CANADA,MODIS CANADA CR 114705,0.999981,0
ADRM TECHNOLOGY CONSULTING GROUP,ADRM TECHNOLOGY CONSULTING GROUP,0.999985,0
ADRM TECHNOLOGY CONSULTING GROUP,ADRM TECHNOLOGY CONSULTING GROUP ANTIAN PROFESSIONAL SERVICES,0.999985,0
ADRM TECH,ADRM TECHNOLOGY CONSULTING GROUP,0.999986,0
FFG FLENSBURG FAHRZEUGBAU GESELLSCHAFT MBH,FFG FLENSBURGER FAHRZEUGBAU GESELLSCHAFT MBH,0.999978,0
DALHOUSIE UNIVERSITY,DALHOUSIE UNIVERSITY CONFERENCE SERVICES SUMMER HOUSING,0.999951,0
BECTON DICKSON BD CANADA,HEWLETT PACKARD CANADA,0.804961,1
THALES CANADA NAVAL SERVICES BU,THALES DEFENCE SECURITY,0.999975,0
IBI GROUP ARCHITECTS CANADA MORIYAMA TESHIMA ARCHITECTS IN JOINT VENTURE,MORIYAMA TESHIMA ARCHITECTS,0.999969,0
ASOKAN SOLUTION BUREAU,ASOKAN SOLUTIONS BUREAU,0.999979,0
EXCEL HUMAN RESOURCES OPERATING AS EXCELITR,EXCELLERIS TECHNOLOGIES A DIVISION LIFELABS,0.999443,1
RHEINMETALL CANADA,RHEINMETALL MAN MILITARY,0.999988,0
GOLDER ASSOCIATES,GOLDER ASSOCIATES,0.999984,0
GOLDER ASSOCIATE,GOLDER ASSOCIATES,0.999983,0
KPMG FKA KPMG MSLP,KPMG VICTORIA,0.999954,0
ITNETOTTAWA KPMG IN JOINT VENTURE,KPMG FKA KPMG MSLP,0.999781,0
KPMG,KPMG FKA KPMG MSLP,0.999964,0
CORCAN CORRECTIONAL SERVICE CANADA,CORRECTIONAL SERVICES CANADA,0.999974,0
CORCAN,CORCAN CORRECTIONAL SERVICE CANADA,0.999977,0
CANADIAN CORPSCOMMISSIONNAIRES,CORCAN CORRECTIONAL SERVICE CANADA,0.650156,1
CORCAN CORRECTIONAL SERVICE CANADA,WORLD FUEL SERVICES CANADA,0.998755,1
CORCAN CORRECTIONAL SERVICE CANADA,WORLDD FUEL SERVICES CANADA,0.997193,1
COMMISSISONAIRES OTTAWA,CORCAN CORRECTIONAL SERVICE CANADA,0.832246,1
COMBAT NETWORKS,CORCAN CORRECTIONAL SERVICE CANADA,0.541340,1
CORCAN CORRECTIONAL SERVICE CANADA,WORLD FUEL SERVICE,0.998130,1
CORCAN CORRECTIONAL SERVICE CANADA,WORLD FUEL SERVICES,0.996422,1
HEWLETT PACKARD CANADA,LOCKHEED MARTIN SIPPICAN,0.507693,1
GFL ENVIROMENTAL,GFL ENVIRONMANTAL,0.999984,0
GFL ENVIRONMANTAL,GFL INVIRONMENTAL,0.999985,0
FORD MOTOR CANADA,FORD MOTOR COMPANY CANADA,0.999985,0
AIRPORT FORD LINCOLN,FORD MOTOR CANADA,0.999975,0
ALTIS HUMAN RESOURCES OTTAWA,ALTIS HUMAN RESOURCES VANCOUVER I,0.999989,0
ALTIS HUMAN RESOURCES OTTAWA,ALTIS PROFESSIONAL RECRUITMENT EXCEL HUMAN RESOURCES,0.999989,0
ALTIS HUMAN RESOURCES OTTAWA,ALTIS PROFESSIONAL SERVICES,0.999988,0
ALTIS HUMAN RESOURCES OTTAWA,ALTIS PROFESSIONAL RECRUITMENT,0.999988,0
ALTIS HUMAN RESOURCES OTTAWA,ALTIS HUMAN RESOURCES OTTAWA EXCELHUMAN RESOURCES IN JOINT VENTURE,0.999989,0
ALTIS HUMAN RESOURCES OTTAWA,ALTIS VANCOUVER,0.999988,0
ALTIS HUMAN RESOURCES OTTAWA,ALTIS HUMAN RESSOUCES,0.999989,0
COMBAT NETWORKS,DECISIVE GROUP,0.603954,1
OPEN TEXT,OPEN TEXT CO JP MORGAN LOCKBOX,0.999964,0
ABIADVANCED BUSINESS INTERIORS,CARLETON UNIVERSITY SCHOOL BUSINESS,0.560006,1
CARLETON UNIVERSITY SCHOOL BUSINESS,HEWLETT PACKARD CANADA,0.882699,1
TEKNION,TEKNION,0.999985,0
TECKNION,TEKNION,0.999984,0
TEKNION,TEKNION FURNITURES SYS,0.999985,0
AV TECH,AVTECH,0.999966,0
SAP,SAP CANADA,0.999916,0
RAYTHEON SECURE INFORMATION SYSTEMS,RAYTHEON SYSTEMS COMPANY,0.999986,0
RAYTHEON CANADA,RAYTHEON SECURE INFORMATION SYSTEMS,0.999986,0
RAYTHEON COMPANY,RAYTHEON SECURE INFORMATION SYSTEMS,0.999987,0
PAL AEROSPACE,WORL FUEL SERVICES TRADING,0.845659,1
LARRY PENNER ENTERPISES,LARRY PENNER ENTERPRISES,0.999983,0
IT NET,ITNET OTTAWA,0.999977,0
IT NET,ROGERS WIRELESS,0.830420,1
RAYTHEON CANADA,RAYTHEON CANADA,0.999986,0
RAYTHEON CANADA,RAYTHEON SYSTEMS COMPANY,0.999982,0
RAYTHEON CANADA,RAYTHEON COMPANY,0.999983,0
HARRIS CANADA SYSTEMS,HARRIS CANADA SYSTEMS,0.999979,0
ITI CANADA,ITI CANADA,0.999350,0
PRICE WATERHOUSE COOPERS PWC,PRICEWATERHOUSECOOPERS CATHERINE PEACOCK,0.999971,0
PRICE WATERHOUSE COOPERS PWC,PRICEWATERHOUSECOOPERS OWEN TAYLOR,0.999968,0
PRICE WATERHOUSE COOPERS PWC,PRICEWATERHOUSE COOPERS,0.999982,0
PRICE WATERHOUSE COOPER,PRICE WATERHOUSE COOPERS PWC,0.999984,0
PRICE WATERHOUSE COOPERS PWC,PWC CONSULTING,0.999905,0
IBI GROUP PROFESSIONAL SERVICES,IBI GROUP PROFESSIONAL SERVICES CANADA,0.999888,0
TECHSOL MARINE,UNISOURCE TECHNOLOGY,0.764674,1
ABIADVANCED BUSINESS INTERIORS,UNISOURCE TECHNOLOGY,0.568670,1
PAL AEROSPACE,UNISOURCE TECHNOLOGY,0.863774,1
COMMISSIONAIRES KINGSTON,UNISOURCE TECHNOLOGY,0.921024,1
HEWLETT PACKARD CANADA,UNISOURCE TECHNOLOGY,0.965765,1
LUMINA IT CBZ JOINT VENTURE,UNISOURCE TECHNOLOGY,0.585750,1
EFR ENVIRONMENTAL,UNISOURCE TECHNOLOGY,0.871436,1
LOGISTIC UNICORP,UNISOURCE TECHNOLOGY,0.575599,1
LOGISTIK UNICORP,UNISOURCE TECHNOLOGY,0.680776,1
COMMISSIONAIRES,UNISOURCE TECHNOLOGY,0.976858,1
LUMINA IT,UNISOURCE TECHNOLOGY,0.959574,1
ITNETOTTAWA KPMG IN JOINT VENTURE,UNISOURCE TECHNOLOGY,0.795506,1
IMPERIAL OIL,UNISOURCE TECHNOLOGY,0.697076,1
CORCAN,UNISOURCE TECHNOLOGY,0.973323,1
UNISOURCE TECHNOLOGY,WORLS FUELS,0.600704,1
ERNST YOUNG GLOBAL,UNISOURCE TECHNOLOGY,0.669341,1
ORACLE CANADA,ORACLE CANADA,0.999984,0
ORACLE CANADA,ORACLE CORPORATIONS CANADA,0.999983,0
CANADIAN CORPS COMISSIONAIRES,CANADIAN CORPSCOMMISSIONNAIRES,0.999983,0
CANADIAN CORPS COMMISSIONIARES,CANADIAN CORPSCOMMISSIONNAIRES,0.999980,0
CANADIAN CORPSCOMMISSIONNAIRES,COMMISSISONAIRES OTTAWA,0.999944,0
CANADIAN CORPSCOMMISSIONNAIRES,COMMISSIONAIRE NOVA SCOTIA,0.999963,0
CANADIAN CORPS COMMISSIONAIRES NORTHERN ALBERTA DIVISION,CANADIAN CORPSCOMMISSIONNAIRES,0.999981,0
CANADIAN CORPSCOMMISSIONNAIRES,COMMISSIONAIRES OTTAWA COLONADE,0.999978,0
CANADIAN CORPSCOMMISSIONNAIRES,COMMISSIONAIRES,0.999977,0
CANADIAN CORPSCOMMISSIONNAIRES,COMMISSIONAIRES KINGSTON,0.999973,0
CANADIAN CORPSCOMMISSIONNAIRES,COMMISSIONAIRES SECURITY SOLUTIONS,0.999973,0
CANADIAN CORPS COMMISSIONAIRES,TEKSYSTEMS CANADA SOCIETY TEKSYSTEMS CANADA,0.708045,1
SI SYSTEMS,TEKSYSTEMS CANADA SOCIETY TEKSYSTEMS CANADA,0.996140,1
CANADIAN CORPS COMISSIONAIRES,TEKSYSTEMS CANADA SOCIETY TEKSYSTEMS CANADA,0.734376,1
COMMISSIONAIRE NOVA SCOTIA,TEKSYSTEMS CANADA SOCIETY TEKSYSTEMS CANADA,0.966189,1
CANADIAN COMMISSIONAIRES,TEKSYSTEMS CANADA SOCIETY TEKSYSTEMS CANADA,0.952902,1
COMMISIONAIRES SASKATCHEWAN,TEKSYSTEMS CANADA SOCIETY TEKSYSTEMS CANADA,0.909567,1
CANADIAN CORPS COMMISSIONAIRES NORTHERN ALBERTA DIVISION,TEKSYSTEMS CANADA SOCIETY TEKSYSTEMS CANADA,0.677085,1
AJILON CANADA,TEKSYSTEMS CANADA SOCIETY TEKSYSTEMS CANADA,0.874709,1
COMMISSIONAIRES KINGSTON,TEKSYSTEMS CANADA SOCIETY TEKSYSTEMS CANADA,0.933093,1
COMMISSIONAIRES MANITOBA,TEKSYSTEMS CANADA SOCIETY TEKSYSTEMS CANADA,0.879246,1
PALADIN SECURITY GROUP,TEKSYSTEMS CANADA SOCIETY TEKSYSTEMS CANADA,0.525699,1
CANADIAN CORPS COMMISSIONIARES,TEKSYSTEMS CANADA SOCIETY TEKSYSTEMS CANADA,0.897387,1
COMMISSIONAIRES OTTAWA COLONADE,TEKSYSTEMS CANADA SOCIETY TEKSYSTEMS CANADA,0.904801,1
COMMISSISONAIRES OTTAWA,TEKSYSTEMS CANADA SOCIETY TEKSYSTEMS CANADA,0.987149,1
CANADIAN CORPS COMMISSIONAIRES NEWFOUNDLAND,TEKSYSTEMS CANADA SOCIETY TEKSYSTEMS CANADA,0.869839,1
ROGERS ATT,ROGERS COMMUNICATIONS CANADA,0.999980,0
STANTEC CONSULTING SCL,STANTEC EXPERT CONSEILS,0.999986,0
CORCAN,WORL FUEL SERVICES TRADING,0.993580,1
MACEWEN,MACEWEN PETROLEUM,0.999986,0
ACKLAND GRAINGER,ACKLANDSGRAINGER,0.999963,0
COMMISSIONAIRES OTTAWA COLONADE,COMMISSISONAIRES OTTAWA,0.999967,0
CANADIAN CORPS COMMISSIONIARES,COMMISSISONAIRES OTTAWA,0.999860,0
CANADIAN CORPS COMISSIONAIRES,COMMISSISONAIRES OTTAWA,0.999949,0
COMMISSIONAIRES,COMMISSISONAIRES OTTAWA,0.999952,0
COMMISSIONAIRE NOVA SCOTIA,COMMISSISONAIRES OTTAWA,0.999934,0
COMMISSIONAIRES KINGSTON,COMMISSISONAIRES OTTAWA,0.999947,0
CANADIAN CORPS COMMISSIONAIRES NORTHERN ALBERTA DIVISION,COMMISSISONAIRES OTTAWA,0.999926,0
COMMISSISONAIRES OTTAWA,CORCAN,0.902382,1
COMMISSISONAIRES OTTAWA,LUMINA IT,0.641458,1
PROTAK,PROTAK CONUSLTING GROUP,0.999975,0
DONA CONA,PROTAK CONUSLTING GROUP,0.577135,1
ADGA GROUP CONSULTANTS,ADGA GROUP CONSULTING,0.999972,0
WOOD CANADA,WOOD CANADA,0.999960,0
THERMO FISHER SCIENTIFIC,THERMO FISHER SCIENTIFIC MISSISSAUG,0.999988,0
THERMO ELECTRON CALGARY,THERMO FISHER SCIENTIFIC,0.999987,0
THERMO FISHER SCIENTIFIC,WORLS FUELS,0.559276,1
HEWLETT PACKARD CANADA,THERMO FISHER SCIENTIFIC,0.976727,1
ADVANCED CHIPPEWA TECH,ADVANCED CHIPPEWA THECHNOLOGIES,0.999988,0
ADVANCED CHIPPEWA THECHNOLOGIES,ADVANCED CHIPPEWAS,0.999987,0
PRICEWATERHOUSECOOPERS CATHERINE PEACOCK,PRICEWATERHOUSECOOPERS OWEN TAYLOR,0.999985,0
PRICEWATERHOUSE COOPERS,PRICEWATERHOUSECOOPERS CATHERINE PEACOCK,0.999980,0
PRICE WATERHOUSE COOPER,PRICEWATERHOUSECOOPERS CATHERINE PEACOCK,0.999973,0
ARTEMP PERSONNEL,ARTEMP PERSONNEL SERVICES,0.999983,0
DELOITTE TOHMATSU FINANCIAL ADVISOR,DELOITTE TOUCHE TOHMATSU CERTIFIED PUBLIC ACCOUNTANTS,0.999978,0
ECOLE LANGUES CITE,ECOLE LANGUES CITE,0.999986,0
BLACK MCDONALD,BLACK MCDONALD OTTAWA,0.999985,0
BLACK MACDONALD,BLACK MCDONALD OTTAWA,0.999981,0
BLACK MCDONALD OTTAWA,MCDONNELL DOUGLAS,0.982118,1
COMPUTER ASSOCIATES CANADA COMPANY,IBM CANADA,0.848102,1
COMPUTER ASSOCIATES CANADA COMPANY,TELECOM COMPUTER,0.533824,1
CORD MOTOR COMPANY CANADA,FORD MOTOR COMPANY CANADA,0.999936,0
SNC LAVALIN PROFAC,SNCLAVALIN,0.999979,0
ATKINSREALIS FORMERLY SNCLAVALIN,SNCLAVALIN,0.999982,0
SNC LAVALIN,SNC LAVALIN,0.999981,0
SNC LAVALIN,SNCLAVALIN MONTREAL,0.999981,0
SNC LAVALIN,SNC LAVALIN PROFAC,0.999982,0
AFS AVIATION FUEL SERVICES,WORLD FUEL FLIGHT SERVICES,0.678047,1
WORLD FUEL FLIGHT SERVICES,WORLDD FUEL SERVICES CANADA,0.999983,0
WORL FUEL SERVICES TRADING,WORLD FUEL FLIGHT SERVICES,0.999940,0
IMPERIAL OIL,WORLD FUEL FLIGHT SERVICES,0.976184,1
MDA GEOSPATIAL SERVICES,MDA SYSTEMS,0.999977,0
COMPUTACENTER TERAMACH,TERAMACH TECHNOLOGIE,0.999977,0
ALTIS PROFESSIONAL RECRUITMENT,ALTIS PROFESSIONAL SERVICES,0.999989,0
ALTIS HUMAN RESSOUCES,ALTIS PROFESSIONAL SERVICES,0.999988,0
ALTIS PROFESSIONAL SERVICES,ALTIS VANCOUVER,0.999988,0
ALTIS PROFESSIONAL RECRUITMENT EXCEL HUMAN RESOURCES,ALTIS PROFESSIONAL SERVICES,0.999989,0
ALTIS HUMAN RESOURCES VANCOUVER I,ALTIS PROFESSIONAL SERVICES,0.999988,0
ALTIS PROFESSIONAL SERVICES,IBI GROUP PROFESSIONAL SERVICES,0.680306,1
ALTIS PROFESSIONAL SERVICES,ARCADIS PROFESSIONAL SERVICES CANADA,0.626486,1
AVTECH,AVTECH,0.999975,0
BOMBARDIER PRODUITS RECREATIFS,BOMBARDIER RECREATIONAL PRODUCTS,0.999830,0
MCKESSON SPECIALIZED DISTRIBUTION,MCKESSON SPECIALTY PRESCRIPTION SERVICES,0.999984,0
AECOM CANADA WINNIPEG,AECOM CONSULTANTS,0.999983,0
NISH TECHNOLOGIE,NISHA TECHNOLOGIES,0.999989,0
NORR,NORR ARCHITECT PLANNERS,0.999950,0
NORR ARCHITECT PLANNERS,NORR ARCHITECTS ENGINEERS,0.999951,0
AMTEK,AMTEK ENGINEERING,0.999983,0
AMTEK,AMTEK ENGINEERING SERVICES LD,0.999983,0
SI SYSTEMS,WORLS FUELS,0.999282,1
PALADIN SECURITY SYSTEMS,SI SYSTEMS,0.864613,1
HEWLETT PACKARD CANADA,NTT DATA CANADA,0.528048,1
ITEX DBA TECHNOLOGY,ITEXTIG VIA SSC,0.999948,0
BUREAU VERITAS CANADA,BUREAU VERITAS CANADA,0.999983,0
ALTIS PROFESSIONAL RECRUITMENT,ALTIS PROFESSIONAL RECRUITMENT EXCEL HUMAN RESOURCES,0.999989,0
ALTIS HUMAN RESOURCES VANCOUVER I,ALTIS PROFESSIONAL RECRUITMENT EXCEL HUMAN RESOURCES,0.999989,0
ALTIS HUMAN RESSOUCES,ALTIS PROFESSIONAL RECRUITMENT EXCEL HUMAN RESOURCES,0.999989,0
ALTIS HUMAN RESOURCES OTTAWA EXCELHUMAN RESOURCES IN JOINT VENTURE,ALTIS PROFESSIONAL RECRUITMENT EXCEL HUMAN RESOURCES,0.999989,0
ALTIS PROFESSIONAL RECRUITMENT EXCEL HUMAN RESOURCES,ALTIS VANCOUVER,0.999988,0
ALTIS PROFESSIONAL RECRUITMENT EXCEL HUMAN RESOURCES,EXCEL,0.999982,0
ALTIS PROFESSIONAL RECRUITMENT EXCEL HUMAN RESOURCES,TELUS COLLABORATION SERVICES,0.545125,1
DISCOVERY AIR DEFENCE SERVICE,DISCOVERY AIR TECHNICAL SERVICES,0.999986,0
VWR INTERNATIONAL,VWR INTERNATIONAL,0.999983,0
TELECOM,TELECOM COMPUTERS,0.999310,0
GLOBAL UPHOLSETERY,GLOBAL UPHOLSTERY RD,0.999989,0
ERNST YOUNG GLOBAL,GLOBAL UPHOLSETERY,0.875309,1
AIRPORT FORD LINCOLN,VICTORY FORD LINCOLN SALES,0.999983,0
AIRPORT FORD LINCOLN,FORD MOTOR COMPANY CANADA,0.999972,0
SNC LAVALIN PROFAC,SNCLAVALIN MONTREAL,0.999979,0
ZANZIBAR HOLDINGS,ZANZIBAR HOLDINGS,0.999987,0
IRVING OIL COMMERCIAL GP,PETROLES IRVING,0.999974,0
ERNST YOUNG BILL KESSELS,ERNST YOUNG MONTREAL,0.999912,0
ERNST YOUNG MONTREAL,ERNST YOUNG TTTTTTTT,0.999963,0
L3 AVIATION PRODUCTS,L3 COMMUNICATIONS,0.999973,0
WEST HORIZON CONTRACTING,WEST HORIZON CONTRACTING,0.999966,0
DALIAN ENTERPRISES CORADIX TECHNOLOGY CONSULTING IN JOINT VENTURE,DALIAN ENTERPRISES CORADIX TECHNOLOGY CONSULTING IN JOINT VENTURE TEAM DALIAN,0.999953,0
DALIAN ENTERPRISES CORADIX,DALIAN ENTERPRISES CORADIX TECHNOLOGY CONSULTING IN JOINT VENTURE TEAM DALIAN,0.999970,0
ISL ENGINEERING LAND SERVICES,ISL ENGINEERING LAND SERVICES,0.999948,0
ADVANCED CHIPPEWA TECH,ADVANCED CHIPPEWAS,0.999987,0
R J G CONSTRUCTION,RJG CONSTRUCTION,0.998614,0
SYSCO SERCA ATLANTIC,SYSCO SERCA SERVICES ATLANTIC,0.999973,0
SYSCO SERCA SERVICES ATLANTIC,SYSCO SERTA,0.999945,0
SYSCO OTTAWA,SYSCO SERCA SERVICES ATLANTIC,0.999929,0
SYSCO FOOD SERVICES TORONTO,SYSCO SERCA SERVICES ATLANTIC,0.999973,0
R A MALATEST ASSOCIATES,RA MALATEST ASSOCIATES,0.999984,0
SAMSON ASSOCIATES CPA CONSULTING SERVICES,SAMSON ASSOCIES,0.999976,0
ROGERS ATT,SAMSON ASSOCIES,0.991294,1
CANADIAN CORPS COMISSIONAIRES,CANADIAN CORPS COMMISSIONIARES,0.999981,0
CANADIAN CORPS COMISSIONAIRES,COMMISSIONAIRE NOVA SCOTIA,0.999974,0
CANADIAN CORPS COMISSIONAIRES,COMMISSIONAIRES,0.999979,0
CANADIAN CORPS COMISSIONAIRES,CANADIAN CORPS COMMISSIONAIRES NORTHERN ALBERTA DIVISION,0.999983,0
CANADIAN CORPS COMISSIONAIRES,COMMISSIONAIRES OTTAWA COLONADE,0.999974,0
CANADIAN CORPS COMISSIONAIRES,COMMISSIONAIRES KINGSTON,0.999980,0
CANADIAN CORPS COMISSIONAIRES,HEWLETT PACKARD CANADA,0.969886,1
IMPERIAL OIL,IMPERIAL OIL,0.999982,0
IMPERIAL OIL,INPERIAL OIL,0.999969,0
IMPERIAL OIL,WORL FUEL SERVICES TRADING,0.999713,1
IMPERIAL OIL,WORLDD FUEL SERVICES CANADA,0.862067,1
IMPERIAL OIL,TECHSOL MARINE,0.700399,1
BAYSHORE HEALTHCARE,BAYSHORE HEALTHCARE,0.999987,0
RAYTHEON COMPANY,RAYTHEON SYSTEMS COMPANY,0.999983,0
KONICA MINOLTA BUSINESS,KONICA MINOLTA BUSINESS SOLUTIONS CANADA,0.999989,0
COMMISSIONAIRES,COMMISSIONAIRES KINGSTON,0.999985,0
COMMISSIONAIRES,COMMISSIONAIRES OTTAWA COLONADE,0.999986,0
COMMISSIONAIRE NOVA SCOTIA,COMMISSIONAIRES,0.999985,0
CANADIAN CORPS COMMISSIONIARES,COMMISSIONAIRES,0.999982,0
COMMISSIONAIRES,WORL FUEL SERVICES TRADING,0.997533,1
UNISOURCE TECH,UNISOURCE TECHNOLOGY UTI,0.999987,0
ALTIS HUMAN RESSOUCES,ALTIS PROFESSIONAL RECRUITMENT,0.999988,0
ALTIS HUMAN RESSOUCES,ALTIS VANCOUVER,0.999988,0
ALTIS HUMAN RESOURCES VANCOUVER I,ALTIS HUMAN RESSOUCES,0.999989,0
ALTIS HUMAN RESSOUCES,TELUS COLLABORATION SERVICES,0.695113,1
ALTIS HUMAN RESOURCES OTTAWA EXCELHUMAN RESOURCES IN JOINT VENTURE,ALTIS HUMAN RESSOUCES,0.999989,0
ALTIS HUMAN RESSOUCES,EXCEL,0.999985,0
BROADCOM,VALCOM CONSULTING GROUP,0.549616,1
MCELHANNEY CONSULTING SERVICES APRIL 20 2016,MCELHANNEY EDMONTON,0.999987,0
DELL CANADA RESELLER NISHA TECHNOLOGIES,NISHA TECHNOLOGIES,0.999986,0
PARKLAND OA COLUMBIA FUELS,UNIVERSITY BRITISH COLUMBIA,0.875564,1
PARKLAND OA COLUMBIA FUELS,UNIVERSITY BRITISH COLUMBIA OKANAGAN,0.993476,1
SAAB BOFORS DYNAMICS SWITZERLAND,SAAB MICROWAVE CANADA,0.999974,0
ACTUATE,GENERAL DYNAMICS C4SYSTEMS,0.570078,1
ALTIS HUMAN RESOURCES VANCOUVER I,ALTIS VANCOUVER,0.999988,0
ALTIS PROFESSIONAL RECRUITMENT,ALTIS VANCOUVER,0.999988,0
IBI GROUP ARCHITECTS CANADA MORIYAMA TESHIMA ARCHITECTS IN JOINT VENTURE,IBI GROUP PROFESSIONAL SERVICES,0.739885,1
IBI GROUP ARCHITECTS CANADA MORIYAMA TESHIMA ARCHITECTS IN JOINT VENTURE,IBI GROUP PROFESSIONAL SERVICES CANADA,0.849888,1
PWC CONSULTING,PWC MANAGEMENT SERVICES,0.999974,0
CANADIAN CORPS COMMISSIONAIRES NORTHERN ALBERTA DIVISION,CANADIAN CORPS COMMISSIONIARES,0.999982,0
CANADIAN CORPS COMMISSIONAIRES NORTHERN ALBERTA DIVISION,COMMISSIONAIRE NOVA SCOTIA,0.999983,0
CANADIAN CORPS COMMISSIONAIRES NORTHERN ALBERTA DIVISION,COMMISSIONAIRES OTTAWA COLONADE,0.999984,0
CANADIAN CORPS COMMISSIONAIRES NORTHERN ALBERTA DIVISION,COMMISSIONAIRES KINGSTON,0.999982,0
CANADIAN CORPS COMMISSIONAIRES NORTHERN ALBERTA DIVISION,COMMISSIONAIRES,0.999983,0
CANSEL,CANSEL SURVEY EQUIPMENT,0.999961,0
UNIVERSITY BRITISH COLUMBIA,UNIVERSITY BRITISH COLUMBIA UBC AVIAN RESEARCH CENTRE,0.999975,0
UNIVERSITY BRITISH COLUMBIA OKANAGAN,UNIVERSITY BRITISH COLUMBIA UBC AVIAN RESEARCH CENTRE,0.999976,0
INDUSTRA CONSTRUCTION,KENT BUILDING SUPPLIES,0.721716,1
HEWLETT PACKARD CANADA,KENT BUILDING SUPPLIES,0.985496,1
BARON SUPPLIES,KENT BUILDING SUPPLIES,0.898509,1
COMBAT NETWORKS,KENT BUILDING SUPPLIES,0.743502,1
WORL FUEL SERVICES TRADING,WORLDD FUEL SERVICES CANADA,0.999952,0
TECHSOL MARINE,WORL FUEL SERVICES TRADING,0.558155,1
INPERIAL OIL,WORL FUEL SERVICES TRADING,0.971382,1
LUMINA IT,WORL FUEL SERVICES TRADING,0.790177,1
KENT,WORL FUEL SERVICES TRADING,0.734048,1
LUMINAIT,WORL FUEL SERVICES TRADING,0.739999,1
COMMISSIONAIRES KINGSTON,WORL FUEL SERVICES TRADING,0.996601,1
ABBOTT LABORATORIES,ABBOTT LABORATORIES,0.999987,0
A DIVISION JD IRVING,IRVING EQUIPMENT,0.999717,0
CHANDLER DIV JD IRVING,IRVING EQUIPMENT,0.999609,0
IRVING EQUIPMENT,KENT,0.500722,0
TOROMONT ARCTIC,TOROMONT CAT POWER SYSTEMS,0.999983,0
TOROMONT CAT POWER SYSTEMS,TOROMONT MATERIAL HANDLING,0.999983,0
GRAHAM CONSTRUCTION,GRAHAM CONSTRUCTION REGINA,0.999939,0
GRAHAM CONSTRUCTION ENGINEERING,GRAHAM CONSTRUCTION REGINA,0.998950,0
CBCI TELECOMCOM,CBCI TELECOMSOLOTECH,0.999984,0
CBCI TELECOM A SOLOTECH COMPANY,CBCI TELECOMCOM,0.999980,0
CBCI SOLOTECH,CBCI TELECOMCOM,0.999978,0
DAIMLER MERCEDESBENZ VERTRIEB DEUTSCHLAND,LUMINA IT CBZ JOINT VENTURE,0.694220,1
AMTEK ENGINEERING,AMTEK ENGINEERING SERVICES LD,0.999985,0
ATKINSREALIS FORMERLY SNCLAVALIN,SNCLAVALIN MONTREAL,0.999981,0
ATKINSREALIS FORMERLY SNCLAVALIN,SNC LAVALIN,0.999804,0
ATKINSREALIS FORMERLY SNCLAVALIN,SNC LAVALIN PROFAC,0.999778,0
LOGISTIK UNICORP,UNISOURCE TECH,0.541195,1
TOROMONT ARCTIC,TOROMONT MATERIAL HANDLING,0.999984,0
L3 COMMUNICATIONS,L3 MAPPS,0.999981,0
L3 AVIATION PRODUCTS,L3 MAPPS,0.999973,0
PRICEWATERHOUSE COOPERS,PRICEWATERHOUSECOOPERS OWEN TAYLOR,0.999983,0
PRICE WATERHOUSE COOPER,PRICEWATERHOUSECOOPERS OWEN TAYLOR,0.999969,0
BELL CANADA TELEPHONE,BELL TELEPHONE COMPANY CANADA OR BELL CANADA COMPAGNIE TE,0.999976,0
DAIMLER MERCEDESBENZ VERTRIEB DEUTSCHLAND,HEWLETT PACKARD CANADA,0.945911,1
DAIMLER MERCEDESBENZ VERTRIEB DEUTSCHLAND,WORLS FUELS,0.561575,1
DAIMLER MERCEDESBENZ VERTRIEB DEUTSCHLAND,WORLD FUEL SERVICE,0.792177,1
DAIMLER MERCEDESBENZ VERTRIEB DEUTSCHLAND,WORLD FUEL SERVICES,0.817580,1
DAIMLER MERCEDESBENZ VERTRIEB DEUTSCHLAND,WORLDD FUEL SERVICES CANADA,0.631122,1
ARAMARK CANADA,ARAMARK CANADA,0.999987,0
COMPASS CANADA SUPPORT SERVICES,COMPASS GROUP CANADA,0.999982,0
EMERIONCOFOMO IN JOINT VENTURE,LUMINA IT,0.999974,0
COFOMO,EMERIONCOFOMO IN JOINT VENTURE,0.999966,0
COMMISSIONAIRES SECURITY SOLUTIONS,PALADIN SECURITY SYSTEMS,0.769299,1
COMBAT NETWORKS,PALADIN SECURITY SYSTEMS,0.622949,1
SIRVA CANADA,SIRVA CANADA,0.999847,0
GLOBAL UPHOLSTERY RD,WORLDD FUEL SERVICES CANADA,0.955117,1
GFL ENVIROMENTAL,GFL INVIRONMENTAL,0.999985,0
MICROSOFT,MICROSOFT CANADA,0.999976,0
MICROSOFT CANADA,MICROSOFT CANADA,0.999980,0
STEVE MARSHALL FORD LINCOLN,VICTORY FORD LINCOLN SALES,0.999926,0
FORD MOTOR CANADA,STEVE MARSHALL FORD LINCOLN,0.999708,0
FORD MOTOR COMPANY CANADA,STEVE MARSHALL FORD LINCOLN,0.999848,0
AIRPORT FORD LINCOLN,STEVE MARSHALL FORD LINCOLN,0.999961,0
TETRA TECH,TETRA TECH QB,0.999987,0
KPMG,KPMG VICTORIA,0.999977,0
ITNETOTTAWA KPMG IN JOINT VENTURE,KPMG VICTORIA,0.999921,0
A DIVISION JD IRVING,CHANDLER DIV JD IRVING,0.999839,0
TECKNION,TEKNION FURNITURES SYS,0.999984,0
ARCHITECTURE49,SMITH CARTER ARCHITECTS WINNIPEG,0.718386,0
CBCI SOLOTECH,SOLOTECH,0.999984,0
CBCI TELECOM A SOLOTECH COMPANY,SOLOTECH,0.999983,0
ANIXTER CANADA,ANIXTER CANADA,0.999981,0
ALTIS HUMAN RESOURCES,TELUS COLLABORATION SERVICES,0.764500,1
FORD MOTOR CANADA,VICTORY FORD LINCOLN SALES,0.999935,0
FORD MOTOR COMPANY CANADA,VICTORY FORD LINCOLN SALES,0.999953,0
PRICE WATERHOUSE COOPER,PRICEWATERHOUSE COOPERS,0.999988,0
NORR,NORR ARCHITECTS ENGINEERS,0.999919,0
HARNOIS,HARNOIS ENERGIE,0.999979,0
DALIAN ENTERPRISES CORADIX,DALIAN ENTERPRISES CORADIX TECHNOLOGY CONSULTING IN JOINT VENTURE,0.999976,0
DELL CANADA RESELLER NISHA TECHNOLOGIES,DELL COMPUTER,0.904573,1
DELL CANADA RESELLER NISHA TECHNOLOGIES,NISH TECHNOLOGIE,0.947486,0
CANADIAN CORPS COMMISSIONIARES,COMMISSIONAIRES OTTAWA COLONADE,0.999982,0
COMMISSIONAIRE NOVA SCOTIA,COMMISSIONAIRES OTTAWA COLONADE,0.999985,0
COMMISSIONAIRES KINGSTON,COMMISSIONAIRES OTTAWA COLONADE,0.999986,0
ERNST YOUNG BILL KESSELS,ERNST YOUNG TTTTTTTT,0.998946,0
GRAHAM CONSTRUCTION,GRAHAM CONSTRUCTION ENGINEERING,0.999948,0
ALTIS HUMAN RESOURCES VANCOUVER I,ALTIS PROFESSIONAL RECRUITMENT,0.999988,0
ALTIS HUMAN RESOURCES OTTAWA EXCELHUMAN RESOURCES IN JOINT VENTURE,ALTIS HUMAN RESOURCES VANCOUVER I,0.999989,0
CBCI TELECOM A SOLOTECH COMPANY,CBCI TELECOMSOLOTECH,0.999983,0
CBCI SOLOTECH,CBCI TELECOM A SOLOTECH COMPANY,0.999985,0
PROMAXIS SYSTEMS,PROMAXIX SYSTEMS,0.999983,0
CORD MOTOR COMPANY CANADA,FORD MOTOR CANADA,0.999175,0
NORTHROP GRUMMAN CANADA 2004,NORTHROP GRUMMAN CANADA 2004,0.999947,0
ASSOCIATED ENGINEERING BC,ASSOCIATED ENGINEERING BC APRIL 616,0.999983,0
ASSOCIATED ENGINEERING BC APRIL 616,ASSOCIATED ENGINEERING SASK,0.999980,0
SIERRA SYSTEMS GROUP,SIERRA SYSTEMS GROUP,0.999986,0
BLACK MCDONALD,BLACK MCDONALD,0.999985,0
BLACK MACDONALD,BLACK MCDONALD,0.999981,0
BLACK MCDONALD,MCDONNELL DOUGLAS,0.998355,1
BLACK MCDONALD,CARLETON UNIVERSITY,0.999267,1
GE CANADA,GENERAL ELECTRIC CANADA,0.618888,0
ECLIPSYS SOLUTIONS,ECLIPSYS SOLUTIONS,0.999982,0
ECLIPSYS SOLUTIONS,HEWLETT PACKARD CANADA,0.893129,1
COMPUCOM CANADA,COMPUCON COM,0.821151,0
ADRM TECH,ADRM TECHNOLOGY CONSULTING GROUP ANTIAN PROFESSIONAL SERVICES,0.999984,0
COMBAT NETWORKS,KENT,0.569297,1
COMBAT NETWORKS,CORCAN,0.835722,1
ERNST YOUNG BILL KESSELS,ERNST YOUNG GLOBAL,0.999438,0
SYSCO OTTAWA,SYSCO SERCA ATLANTIC,0.999945,0
SYSCO FOOD SERVICES TORONTO,SYSCO OTTAWA,0.999985,0
SYSCO OTTAWA,SYSCO SERTA,0.999978,0
INSTITUTE CANADA,INSTITUTE CANADA,0.999959,0
CBCI SOLOTECH,CBCI TELECOMSOLOTECH,0.999982,0
IBM CANADA,IBM CANADA,0.999983,0
ALTIS HUMAN RESOURCES OTTAWA EXCELHUMAN RESOURCES IN JOINT VENTURE,ALTIS PROFESSIONAL RECRUITMENT,0.999988,0
ALTIS HUMAN RESOURCES OTTAWA EXCELHUMAN RESOURCES IN JOINT VENTURE,ALTIS PROFESSIONAL SERVICES,0.999987,0
ALTIS HUMAN RESOURCES OTTAWA EXCELHUMAN RESOURCES IN JOINT VENTURE,ALTIS VANCOUVER,0.999984,0
UNIVERSITY BRITISH COLUMBIA,UNIVERSITY BRITISH COLUMBIA,0.999927,0
UNIVERSITY BRITISH COLUMBIA,UNIVERSITY BRITISH COLUMBIA OKANAGAN,0.999978,0
HEWLETT PACKARD CANADA,HOFFMANN ROCHE,0.901341,1
CANADIAN CORPS COMMISSIONIARES,COMMISSIONAIRE NOVA SCOTIA,0.999981,0
COMMISSIONAIRE NOVA SCOTIA,COMMISSIONAIRES KINGSTON,0.999985,0
ITNET OTTAWA,ITNETOTTAWA KPMG IN JOINT VENTURE,0.999882,0
ITNETOTTAWA KPMG IN JOINT VENTURE,KPMG,0.999941,0
IT NET,ITNETOTTAWA KPMG IN JOINT VENTURE,0.999952,0
CANADIAN CORPS COMMISSIONIARES,COMMISSIONAIRES KINGSTON,0.999981,0
COMMISSIONAIRES KINGSTON,SI SYSTEMS,0.593908,1
SIMEX DEFENCE,TES CONTRACT SERVICES,0.690924,1
SYSCO SERCA ATLANTIC,SYSCO SERTA,0.999945,0
SYSCO FOOD SERVICES TORONTO,SYSCO SERCA ATLANTIC,0.999967,0
SIMEX DEFENCE,WORLS FUELS,0.536658,1
STRATEGIC NATURAL RESOURCE CONSULTA,STRATEGIC NATURAL RESOURCE CONSULTANTS KFC CFC,0.999989,0
ENGLOBE,ENGLOBE,0.999987,0
COMPUTACENTER CANADA 445245,COMPUTACENTER TERAMACH,0.999917,0
ROGERS WIRELESS,SKYLINK AVIATION,0.927608,1
CANADIAN CORPS COMMISSIONIARES,HEWLETT PACKARD CANADA,0.941660,1
THERMO ELECTRON CALGARY,THERMO FISHER SCIENTIFIC MISSISSAUG,0.999987,0
HEWLETT PACKARD CANADA,THERMO FISHER SCIENTIFIC MISSISSAUG,0.975781,1
POMERLEAU BESSAC INFRASTRUCTURE,POMERLEAU TORONTO,0.999975,0
ERNST YOUNG GLOBAL,GLOBAL UPHOLSTERY RD,0.961452,1
GLOBAL UPHOLSTERY RD,HEWLETT PACKARD CANADA,0.852367,1
INPERIAL OIL,TECHSOL MARINE,0.999897,1
INPERIAL OIL,PETROLES IRVING,0.606341,1
ASSOCIATED ENGINEERING BC,ASSOCIATED ENGINEERING SASK,0.999982,0
PWC MANAGEMENT SERVICES,ROGERS WIRELESS,0.542742,1
HEWLETT PACKARD CANADA,IMPERIAL OIL,0.976962,1
POMERLEAU,POMERLEAU TORONTO,0.999981,0
SYSCO FOOD SERVICES TORONTO,SYSCO SERTA,0.999979,0
